"Protein","Min","Max","Range"
"A1BG",-1.246,1.4787,2.7247
"AAMDC",-1.97485,3.93705,5.9119
"AARSD1",-4.52005,4.04045,8.5605
"ABCA2",-1.5961,5.2011,6.7972
"ABHD14B",-5.0921,4.20725,9.29935
"ABL1",-2.67535,7.6741,10.34945
"ABO",-4.835,5.3852,10.2202
"ABRAXAS2",-2.4128,7.5391,9.9519
"ACAA1",-6.4471,7.5631,14.0102
"ACADM",-2.5078,8.8299,11.3377
"ACADSB",-2.93155,8.60945,11.541
"ACAN",-1.5875,2.2261,3.8136
"ACE",-2.32925,3.93915,6.2684
"ACE2",-2.71295,4.24255,6.9555
"ACHE",-1.9077,4.5987,6.5064
"ACOT13",-5.1395,4.8285,9.968
"ACOX1",-2.32605,8.0746,10.40065
"ACP1",-1.427,7.38615,8.81315
"ACP5",-2.00065,5.88015,7.8808
"ACP6",-7.2155,4.94535,12.16085
"ACRBP",-1.4941,6.9304,8.4245
"ACRV1",-2.13575,7.9997,10.13545
"ACSL1",-2.5228,5.4228,7.9456
"ACTA2",-2.14375,5.6856,7.82935
"ACTN2",-1.8262,5.7804,7.6066
"ACTN4",-1.37655,6.41515,7.7917
"ACVRL1",-1.1412,2.9505,4.0917
"ACY1",-5.19815,3.9439,9.14205
"ACY3",-4.2391,4.6917,8.9308
"ACYP1",-3.4299,4.4671,7.897
"ADA",-1.8634,3.7828,5.6462
"ADA2",-3.3825,4.1009,7.4834
"ADAM12",-1.5006,7.223,8.7236
"ADAM15",-1.77675,2.5062,4.28295
"ADAM22",-2.1183,2.5299,4.6482
"ADAM23",-5.6475,1.42215,7.06965
"ADAM8",-5.4651,4.0651,9.5302
"ADAM9",-3.87825,3.62125,7.4995
"ADAMTS1",-1.662,6.0328,7.6948
"ADAMTS13",-2.4691,1.86335,4.33245
"ADAMTS15",-4.78115,3.9197,8.70085
"ADAMTS16",-1.6866,7.7861,9.4727
"ADAMTS4",-1.8634,5.9283,7.7917
"ADAMTS8",-4.0692,2.5612,6.6304
"ADAMTSL2",-2.2197,3.1381,5.3578
"ADAMTSL4",-1.7698,3.7595,5.5293
"ADAMTSL5",-2.9615,4.3048,7.2663
"ADCYAP1R1",-1.512,9.4895,11.0015
"ADD1",-3.83865,4.91865,8.7573
"ADGRB3",-1.49185,3.74275,5.2346
"ADGRD1",-1.9956,3.3005,5.2961
"ADGRE1",-3.09405,5.44105,8.5351
"ADGRE2",-1.89025,2.86605,4.7563
"ADGRE5",-1.7089,5.08545,6.79435
"ADGRF5",-2.8492,2.8635,5.7127
"ADGRG1",-1.8076,5.5047,7.3123
"ADGRG2",-5.9318,1.7966,7.7284
"ADGRV1",-3.5559,8.4621,12.018
"ADH1B",-2.6686,5.8765,8.5451
"ADH4",-3.1059,5.5364,8.6423
"ADIPOQ",-3.6848,3.2996,6.9844
"ADM",-4.5764,1.5312,6.1076
"ADRA2A",-1.7862,8.2433,10.0295
"AFAP1",-3.3987,4.8357,8.2344
"AFM",-1.379,1.5488,2.9278
"AFP",-2.8871,4.3186,7.2057
"AGBL2",-8.2294,9.8731,18.1025
"AGER",-2.5034,3.9814,6.4848
"AGR2",-9.365,7.6914,17.0564
"AGR3",-2.6681,7.2742,9.9423
"AGRN",-3.2076,4.301,7.5086
"AGRP",-2.9811,5.4876,8.4687
"AGT",-8.4498,3.34,11.7898
"AGXT",-2.363,4.0897,6.4527
"AHCY",-3.5174,4.8923,8.4097
"AHNAK",-2.3953,4.0803,6.4756
"AHNAK2",-1.27285,3.60435,4.8772
"AHSA1",-1.8082,7.99645,9.80465
"AHSG",-6.02385,3.17205,9.1959
"AHSP",-5.2825,3.6915,8.974
"AIDA",-3.2302,8.106,11.3362
"AIF1",-7.4043,7.2247,14.629
"AIF1L",-1.0903,7.6111,8.7014
"AIFM1",-3.7488,6.5245,10.2733
"AK1",-2.61295,4.6999,7.31285
"AK2",-4.2191,5.9366,10.1557
"AKAP12",-1.7478,5.1622,6.91
"AKR1B1",-3.7715,7.7958,11.5673
"AKR1B10",-3.4801,6.80485,10.28495
"AKR1C4",-3.14845,7.64565,10.7941
"AKR7L",-2.54005,6.86295,9.403
"AKT1S1",-3.49905,3.77625,7.2753
"AKT2",-6.94615,4.61125,11.5574
"AKT3",-2.3829,3.3682,5.7511
"ALCAM",-1.4015,2.1323,3.5338
"ALDH1A1",-4.60925,4.46375,9.073
"ALDH2",-1.1021,8.9956,10.0977
"ALDH3A1",-2.3245,8.0313,10.3558
"ALDH5A1",-1.7796,5.5521,7.3317
"ALMS1",-2.2419,8.002,10.2439
"ALPI",-3.0145,5.9524,8.9669
"ALPP",-4.9495,7.2465,12.196
"AMBN",-1.1405,7.6065,8.747
"AMBP",-1.8247,2.1785,4.0032
"AMDHD2",-1.8955,4.7513,6.6468
"AMFR",-6.01455,8.47135,14.4859
"AMIGO1",-1.779,8.63675,10.41575
"AMIGO2",-1.98625,2.81865,4.8049
"AMN",-2.418,4.8809,7.2989
"AMOT",-1.8395,3.6142,5.4537
"AMOTL2",-1.2353,5.7638,6.9991
"AMPD3",-4.77885,3.75355,8.5324
"AMY1A_AMY1B_AMY1C",-2.00215,6.582,8.58415
"AMY2A",-2.835,3.3943,6.2293
"AMY2B",-2.79645,3.6834,6.47985
"ANG",-1.9408,4.0389,5.9797
"ANGPT1",-4.8044,3.20865,8.01305
"ANGPT2",-1.7729,3.1634,4.9363
"ANGPTL1",-1.7216,2.9245,4.6461
"ANGPTL2",-2.7858,3.0635,5.8493
"ANGPTL3",-6.05865,3.7039,9.76255
"ANGPTL4",-2.5911,2.7523,5.3434
"ANGPTL7",-3.7243,4.4634,8.1877
"ANK2",-1.9376,6.6714,8.609
"ANKMY2",-3.4603,5.5761,9.0364
"ANKRA2",-3.31035,8.91015,12.2205
"ANKRD54",-1.73125,7.29685,9.0281
"ANP32C",-0.9738,6.3393,7.3131
"ANPEP",-2.2766,2.9883,5.2649
"ANXA1",-2.1942,6.0533,8.2475
"ANXA10",-4.9929,7.2755,12.2684
"ANXA11",-4.429,2.6789,7.1079
"ANXA2",-5.102,8.3894,13.4914
"ANXA3",-4.48135,3.63635,8.1177
"ANXA4",-2.4542,4.4466,6.9008
"ANXA5",-1.81885,4.46325,6.2821
"AOC1",-1.94965,9.4424,11.39205
"AOC3",-2.3399,2.9877,5.3276
"AP1G2",-2.58955,6.19115,8.7807
"AP2B1",-1.4675,7.212,8.6795
"AP3B1",-2.96025,4.20975,7.17
"AP3S2",-1.572,3.3265,4.8985
"APBB1IP",-2.1839,5.329,7.5129
"APCS",-3.7385,2.5164,6.2549
"APEX1",-2.93135,3.93915,6.8705
"APLP1",-2.78515,3.1742,5.95935
"APOA1",-1.8306,4.208,6.0386
"APOA2",-4.1037,3.7739,7.8776
"APOA4",-1.9784,5.3332,7.3116
"APOB",-2.2948,2.9834,5.2782
"APOBR",-2.408,1.8306,4.2386
"APOC1",-4.33095,3.07705,7.408
"APOD",-1.7297,5.8626,7.5923
"APOE",-2.3273,7.2887,9.616
"APOF",-7.186,1.3511,8.5371
"APOH",-3.0188,4.2845,7.3033
"APOL1",-4.7998,3.9758,8.7756
"APOM",-2.5351,2.3801,4.9152
"APP",-2.4979,4.9213,7.4192
"APPL2",-4.96285,4.48925,9.4521
"APRT",-3.55575,2.155,5.71075
"ARAF",-3.0384,8.8411,11.8795
"AREG",-1.8321,5.1434,6.9755
"ARF6",-6.3997,4.6118,11.0115
"ARFIP1",-3.0987,5.1405,8.2392
"ARG1",-2.9576,3.1491,6.1067
"ARG2",-1.5518,5.6139,7.1657
"ARHGAP1",-2.5316,5.03195,7.56355
"ARHGAP25",-2.6769,6.82925,9.50615
"ARHGAP30",-1.1029,5.1083,6.2112
"ARHGAP45",-3.03215,4.04535,7.0775
"ARHGAP5",-2.3052,7.8906,10.1958
"ARHGEF1",-3.97855,4.60115,8.5797
"ARHGEF10",-2.9362,6.0881,9.0243
"ARHGEF12",-4.5758,4.3162,8.892
"ARHGEF5",-3.0014,7.0408,10.0422
"ARID3A",-2.5181,5.2995,7.8176
"ARID4B",-1.5913,7.472,9.0633
"ARL13B",-2.6292,6.0861,8.7153
"ARL2BP",-2.4081,5.877,8.2851
"ARMCX2",-1.9606,8.8386,10.7992
"ARNT",-2.0827,7.0017,9.0844
"ARNTL",-1.2061,7.0373,8.2434
"ARSA",-1.8223,6.1795,8.0018
"ARSB",-3.07365,4.94265,8.0163
"ART3",-4.4388,3.7521,8.1909
"ART5",-1.348,8.5094,9.8574
"ARTN",-1.6249,9.1243,10.7492
"ASAH1",-2.7953,7.0494,9.8447
"ASAH2",-6.8375,1.767,8.6045
"ASGR1",-4.58225,4.0386,8.62085
"ASGR2",-1.6216,2.7949,4.4165
"ASPN",-1.37685,6.03735,7.4142
"ASPSCR1",-3.4621,4.2753,7.7374
"ASRGL1",-4.031,4.129,8.16
"ASS1",-4.1974,4.0582,8.2556
"ATF2",-1.65295,9.66365,11.3166
"ATF4",-2.6188,4.7667,7.3855
"ATG16L1",-5.0582,3.9071,8.9653
"ATG4A",-3.9891,5.8011,9.7902
"ATOX1",-4.3604,2.9696,7.33
"ATP1B1",-1.6139,9.6391,11.253
"ATP1B2",-1.623,6.4876,8.1106
"ATP1B3",-1.4631,5.7608,7.2239
"ATP1B4",-2.18775,5.40925,7.597
"ATP2B4",-1.7148,6.7574,8.4722
"ATP5F1D",-1.6937,9.4646,11.1583
"ATP5IF1",-4.951,3.9586,8.9096
"ATP5PO",-3.3417,10.288,13.6297
"ATP6AP2",-1.5393,8.2079,9.7472
"ATP6V1D",-2.07695,6.30145,8.3784
"ATP6V1F",-2.58015,7.58695,10.1671
"ATP6V1G1",-2.601,6.6971,9.2981
"ATP6V1G2",-7.4728,10.1529,17.6257
"ATRAID",-3.4795,8.5487,12.0282
"ATRN",-1.3344,2.5345,3.8689
"ATXN10",-8.9573,5.2148,14.1721
"ATXN2",-2.8756,9.984,12.8596
"ATXN2L",-1.5293,7.0263,8.5556
"ATXN3",-3.3664,4.5209,7.8873
"AXIN1",-4.3276,4.4289,8.7565
"AXL",-2.2756,3.2678,5.5434
"AZI2",-2.08205,4.0001,6.08215
"AZU1",-4.19085,6.4311,10.62195
"B2M",-1.5106,7.5932,9.1038
"B3GAT3",-1.5524,4.5423,6.0947
"B3GNT7",-3.05755,3.341,6.39855
"B4GALT1",-1.6575,2.8701,4.5276
"B4GAT1",-1.6805,3.0914,4.7719
"BABAM1",-1.0827,5.0728,6.1555
"BACH1",-3.0346,5.183,8.2176
"BAG3",-5.0005,4.42615,9.42665
"BAG4",-1.7413,4.721,6.4623
"BAG6",-2.6784,2.1487,4.8271
"BAIAP2",-3.6797,7.2031,10.8828
"BAMBI",-1.732,3.7483,5.4803
"BANK1",-5.692,3.7128,9.4048
"BAP18",-3.7019,7.6638,11.3657
"BATF",-1.5219,9.9522,11.4741
"BAX",-8.2052,5.1774,13.3826
"BCAM",-1.58815,3.45905,5.0472
"BCAN",-2.5021,3.0952,5.5973
"BCAT1",-1.35185,4.9192,6.27105
"BCAT2",-1.967,7.2277,9.1947
"BCHE",-6.7983,2.1568,8.9551
"BCL2",-4.28325,6.28785,10.5711
"BCL2L1",-3.9652,3.6937,7.6589
"BCL2L11",-4.1227,2.5505,6.6732
"BCL2L15",-1.9374,5.8798,7.8172
"BCL7A",-4.0426,8.5504,12.593
"BCL7B",-1.7674,6.7402,8.5076
"BCR",-3.5287,4.6672,8.1959
"BDNF",-6.2442,4.9391,11.1833
"BECN1",-3.2391,4.6767,7.9158
"BEX3",-1.9954,7.4561,9.4515
"BGLAP",-4.8774,5.2136,10.091
"BGN",-4.71555,8.12,12.83555
"BHLHE40",-7.4815,7.3754,14.8569
"BHMT2",-2.4586,4.1225,6.5811
"BID",-3.0097,5.63425,8.64395
"BIN2",-3.99785,5.20035,9.1982
"BIRC2",-2.7701,6.8556,9.6257
"BLMH",-6.53135,5.02305,11.5544
"BLNK",-1.708,6.1411,7.8491
"BLOC1S2",-3.69785,10.5908,14.28865
"BLOC1S3",-1.2676,3.1946,4.4622
"BLVRB",-4.4635,5.2551,9.7186
"BMP10",-2.37705,3.20035,5.5774
"BMP4",-2.99655,3.85005,6.8466
"BMP6",-4.4758,4.4971,8.9729
"BMPER",-2.29095,4.43695,6.7279
"BNIP2",-2.3583,5.138,7.4963
"BNIP3L",-1.7783,4.1348,5.9131
"BOC",-1.9069,2.13875,4.04565
"BOLA1",-2.6717,7.0432,9.7149
"BOLA2_BOLA2B",-2.5596,2.525,5.0846
"BPIFA2",-4.3786,5.5663,9.9449
"BPIFB1",-7.18195,2.97325,10.1552
"BPIFB2",-1.8515,5.5357,7.3872
"BRAP",-6.7974,3.917,10.7144
"BRD1",-2.3196,4.9022,7.2218
"BRD2",-1.7842,6.3121,8.0963
"BRD3",-1.9548,10.28475,12.23955
"BRDT",-1.62135,4.2416,5.86295
"BRK1",-2.5887,5.5511,8.1398
"BRME1",-1.8779,9.2269,11.1048
"BRSK2",-1.3547,4.397,5.7517
"BSG",-5.0205,1.82,6.8405
"BSND",-1.18675,7.09285,8.2796
"BST1",-4.2127,1.5948,5.8075
"BST2",-1.5938,6.207,7.8008
"BTC",-3.8248,8.1477,11.9725
"BTD",-1.9213,2.086,4.0073
"BTLA",-6.1302,12.4879,18.6181
"BTN1A1",-1.9887,9.4398,11.4285
"BTN2A1",-5.088,2.9743,8.0623
"BTN3A2",-2.1984,5.9101,8.1085
"BTNL10",-1.81715,7.60555,9.4227
"C19orf12",-1.9811,9.05705,11.03815
"C1GALT1C1",-1.4755,5.4208,6.8963
"C1QA",-1.8772,3.2049,5.0821
"C1QBP",-1.2603,9.7258,10.9861
"C1QL2",-1.8271,5.9263,7.7534
"C1QTNF1",-3.28985,5.2231,8.51295
"C1QTNF5",-4.1892,2.5998,6.789
"C1QTNF6",-1.5409,4.3023,5.8432
"C1QTNF9",-3.3981,3.2992,6.6973
"C1R",-1.1888,4.0423,5.2311
"C1RL",-2.107,1.566,3.673
"C1S",-2.3677,2.7911,5.1588
"C2",-7.8596,2.0072,9.8668
"C2CD2L",-3.92285,7.93065,11.8535
"C2orf69",-1.7368,8.4379,10.1747
"C3",-1.9872,6.8457,8.8329
"C4BPB",-4.44065,3.58305,8.0237
"C5",-1.09785,2.53975,3.6376
"C7",-3.7212,2.546,6.2672
"C7orf50",-1.1444,4.85565,6.00005
"C8B",-2.3638,2.4403,4.8041
"C9",-4.3185,4.3203,8.6388
"C9orf40",-5.68165,3.76895,9.4506
"CA1",-3.3415,2.6926,6.0341
"CA11",-0.92595,7.1404,8.06635
"CA12",-1.86955,5.4163,7.28585
"CA13",-5.7728,3.78615,9.55895
"CA14",-2.1428,3.2235,5.3663
"CA2",-3.2331,3.713,6.9461
"CA3",-3.3028,4.7277,8.0305
"CA4",-2.06615,3.3533,5.41945
"CA5A",-3.1055,7.5085,10.614
"CA6",-3.6581,5.3837,9.0418
"CA7",-2.1776,5.8885,8.0661
"CA8",-0.81015,6.55235,7.3625
"CA9",-2.7348,5.3578,8.0926
"CABP2",-2.01755,7.25585,9.2734
"CACNA1C",-1.79965,5.42425,7.2239
"CACNA1H",-1.3626,8.3071,9.6697
"CACNB1",-3.1465,6.3518,9.4983
"CACNB3",-3.26575,3.56475,6.8305
"CACYBP",-4.8049,3.95645,8.76135
"CADPS",-1.29135,6.89275,8.1841
"CALB1",-5.78455,4.33685,10.1214
"CALB2",-1.4116,10.6739,12.0855
"CALCA",-2.22995,6.9511,9.18105
"CALCB",-2.5149,7.0788,9.5937
"CALCOCO1",-4.4002,4.5491,8.9493
"CALCOCO2",-2.2763,4.707,6.9833
"CALY",-1.8385,6.8018,8.6403
"CAMKK1",-1.87835,5.63005,7.5084
"CAMLG",-1.8748,5.832,7.7068
"CAMSAP1",-3.9238,5.7316,9.6554
"CANT1",-1.5846,1.6645,3.2491
"CAPG",-5.1802,4.19945,9.37965
"CAPN3",-1.7205,6.9658,8.6863
"CAPS",-3.95435,6.77445,10.7288
"CARHSP1",-3.0086,5.4515,8.4601
"CASC3",-1.6215,4.6167,6.2382
"CASP1",-7.6709,6.8974,14.5683
"CASP10",-9.05245,5.30085,14.3533
"CASP2",-2.41,7.678,10.088
"CASP3",-4.595,4.0409,8.6359
"CASP4",-3.4029,13.1796,16.5825
"CASP7",-3.1055,5.668,8.7735
"CASP8",-2.6431,5.4483,8.0914
"CASP9",-3.1726,7.3172,10.4898
"CASQ2",-1.3055,8.0904,9.3959
"CAT",-4.58245,3.73225,8.3147
"CBLIF",-7.0077,5.7852,12.7929
"CBLN1",-6.09775,12.2148,18.31255
"CBLN4",-3.0296,6.1349,9.1645
"CBS",-1.7719,6.1583,7.9302
"CBX2",-1.1668,6.1805,7.3473
"CC2D1A",-2.68595,4.95775,7.6437
"CCAR2",-1.4693,9.3569,10.8262
"CCDC134",-2.37605,5.81985,8.1959
"CCDC28A",-1.82035,4.27585,6.0962
"CCDC50",-2.0978,8.4706,10.5684
"CCDC80",-2.28885,6.07545,8.3643
"CCER2",-2.4821,5.4748,7.9569
"CCL11",-5.01225,2.7165,7.72875
"CCL13",-3.5067,4.57115,8.07785
"CCL14",-2.36555,5.88035,8.2459
"CCL15",-1.546,4.3448,5.8908
"CCL16",-4.4958,4.2322,8.728
"CCL17",-4.497,6.9235,11.4205
"CCL18",-3.13875,9.9399,13.07865
"CCL19",-2.4438,9.8665,12.3103
"CCL2",-2.30565,3.5178,5.82345
"CCL20",-3.33385,7.9098,11.24365
"CCL21",-2.0868,6.0092,8.096
"CCL22",-3.42265,6.1143,9.53695
"CCL23",-2.8846,3.1344,6.019
"CCL24",-3.2428,5.2957,8.5385
"CCL25",-2.6839,4.4746,7.1585
"CCL26",-5.0602,10.7728,15.833
"CCL27",-8.3304,5.18285,13.51325
"CCL28",-2.5104,5.1267,7.6371
"CCL3",-2.0573,8.887,10.9443
"CCL4",-2.3475,7.35745,9.70495
"CCL5",-5.0203,6.7305,11.7508
"CCL7",-2.1835,7.9756,10.1591
"CCL8",-4.7908,5.2567,10.0475
"CCN1",-3.7865,4.1824,7.9689
"CCN2",-2.37205,2.5369,4.90895
"CCN3",-3.17845,4.28675,7.4652
"CCN4",-1.70125,3.71605,5.4173
"CCN5",-2.3605,2.8056,5.1661
"CCND2",-7.2836,3.59125,10.87485
"CCNE1",-1.1595,9.31735,10.47685
"CCS",-3.3241,3.3854,6.7095
"CCT5",-1.529,7.04145,8.57045
"CD101",-4.07925,5.1672,9.24645
"CD109",-5.6261,2.5201,8.1462
"CD14",-3.0296,5.4773,8.5069
"CD160",-3.18675,3.59975,6.7865
"CD163",-2.7939,3.7253,6.5192
"CD164",-1.06395,8.23685,9.3008
"CD164L2",-2.8738,5.2266,8.1004
"CD177",-6.2026,5.5174,11.72
"CD1C",-3.5662,1.9959,5.5621
"CD2",-1.6133,6.7976,8.4109
"CD200",-1.80315,4.4905,6.29365
"CD200R1",-2.1079,2.6852,4.7931
"CD207",-3.821,3.644,7.465
"CD209",-3.1381,2.1005,5.2386
"CD22",-3.91425,4.56235,8.4766
"CD226",-2.36715,3.31865,5.6858
"CD244",-2.802,3.2489,6.0509
"CD248",-4.57655,2.95835,7.5349
"CD27",-4.0197,4.2354,8.2551
"CD274",-1.3618,4.8563,6.2181
"CD276",-3.79165,2.3193,6.11095
"CD28",-2.1086,5.9995,8.1081
"CD2AP",-2.6878,4.9832,7.671
"CD300A",-1.9526,2.7553,4.7079
"CD300C",-2.1214,3.339,5.4604
"CD300E",-2.8408,3.7011,6.5419
"CD300LF",-7.0078,3.6112,10.619
"CD300LG",-2.01055,2.6123,4.62285
"CD302",-2.1678,3.63,5.7978
"CD33",-5.0484,4.7016,9.75
"CD34",-1.3864,1.8655,3.2519
"CD36",-2.35345,3.2812,5.63465
"CD38",-4.2356,3.3424,7.578
"CD3D",-1.54755,8.48795,10.0355
"CD3E",-2.6286,8.2342,10.8628
"CD3G",-1.3561,11.3463,12.7024
"CD4",-1.456,6.401,7.857
"CD40",-1.754,4.5461,6.3001
"CD40LG",-3.5121,3.0231,6.5352
"CD46",-2.5186,4.9727,7.4913
"CD48",-1.82805,2.82435,4.6524
"CD5",-2.3498,6.6262,8.976
"CD55",-2.7049,6.16795,8.87285
"CD58",-1.4383,1.7264,3.1647
"CD59",-1.1502,3.1628,4.313
"CD5L",-2.0945,4.6977,6.7922
"CD6",-2.8428,3.55655,6.39935
"CD63",-3.3015,2.2947,5.5962
"CD69",-4.8346,4.6769,9.5115
"CD7",-2.1518,5.8978,8.0496
"CD70",-2.1744,4.3793,6.5537
"CD72",-2.47875,5.26585,7.7446
"CD74",-2.06305,2.94335,5.0064
"CD79B",-1.9584,4.9879,6.9463
"CD80",-4.5891,4.0416,8.6307
"CD82",-2.1548,6.8821,9.0369
"CD83",-2.1591,4.0593,6.2184
"CD84",-1.8291,1.3653,3.1944
"CD86",-6.20005,3.1676,9.36765
"CD8A",-3.9048,6.03,9.9348
"CD93",-2.87465,3.37755,6.2522
"CD99",-1.2843,2.1509,3.4352
"CD99L2",-4.1244,2.1717,6.2961
"CDA",-3.2906,3.857,7.1476
"CDAN1",-1.6024,6.1174,7.7198
"CDC123",-2.2219,8.2737,10.4956
"CDC25A",-2.1691,7.8318,10.0009
"CDC26",-3.5191,4.2993,7.8184
"CDC27",-2.9015,6.4395,9.341
"CDC37",-4.79115,3.9758,8.76695
"CDC42BPB",-3.5217,5.2595,8.7812
"CDCP1",-2.33445,4.4222,6.75665
"CDH1",-2.7342,5.0449,7.7791
"CDH15",-2.1277,5.3373,7.465
"CDH17",-2.29835,4.7982,7.09655
"CDH2",-3.1596,4.0637,7.2233
"CDH22",-2.1063,4.3575,6.4638
"CDH23",-1.81425,3.85425,5.6685
"CDH3",-1.9566,4.2313,6.1879
"CDH4",-1.6691,6.8589,8.528
"CDH5",-1.4594,2.2712,3.7306
"CDH6",-2.2408,4.3946,6.6354
"CDHR1",-1.7885,6.9675,8.756
"CDHR2",-4.1245,3.296,7.4205
"CDHR5",-3.3245,2.63,5.9545
"CDK1",-3.01635,5.16185,8.1782
"CDK5RAP3",-1.7192,9.51965,11.23885
"CDKL5",-2.90945,7.52925,10.4387
"CDKN1A",-3.9619,4.8287,8.7906
"CDKN2D",-4.9874,5.3685,10.3559
"CDNF",-1.6407,6.76335,8.40405
"CDON",-3.7421,1.93115,5.67325
"CDSN",-2.0781,2.9428,5.0209
"CEACAM1",-4.4143,1.88945,6.30375
"CEACAM16",-5.2169,6.446,11.6629
"CEACAM18",-1.69085,7.99795,9.6888
"CEACAM19",-4.6445,6.1023,10.7468
"CEACAM20",-3.98815,6.78515,10.7733
"CEACAM21",-2.05175,5.38095,7.4327
"CEACAM3",-3.6012,7.3926,10.9938
"CEACAM5",-3.5062,7.1917,10.6979
"CEACAM6",-2.67965,8.13205,10.8117
"CEACAM8",-2.99765,4.6458,7.64345
"CEBPA",-1.3902,7.2884,8.6786
"CEBPB",-1.65185,6.3779,8.02975
"CELA2A",-5.6,3.8144,9.4144
"CELA3A",-6.05595,4.90745,10.9634
"CELSR2",-2.2713,3.6982,5.9695
"CEMIP2",-1.5891,7.1384,8.7275
"CEND1",-1.7507,8.5721,10.3228
"CENPF",-3.1784,6.6087,9.7871
"CENPJ",-6.3137,7.9021,14.2158
"CEP112",-1.0373,7.2031,8.2404
"CEP152",-1.9112,7.5641,9.4753
"CEP164",-1.7323,8.7509,10.4832
"CEP170",-2.76225,7.6379,10.40015
"CEP20",-2.91735,5.68475,8.6021
"CEP290",-2.1712,8.1754,10.3466
"CEP350",-2.0905,6.12765,8.21815
"CEP43",-2.985,4.07975,7.06475
"CEP85",-3.1733,7.4053,10.5786
"CERT",-3.8664,6.5905,10.4569
"CES1",-5.079,6.5761,11.6551
"CES2",-2.2495,5.8531,8.1026
"CES3",-2.971,6.2433,9.2143
"CETN2",-2.49,5.93885,8.42885
"CETN3",-2.8516,6.0634,8.915
"CFB",-2.4526,2.3106,4.7632
"CFC1",-2.8943,7.2711,10.1654
"CFD",-1.5209,3.9803,5.5012
"CFH",-1.5358,2.3509,3.8867
"CFHR2",-4.3537,2.9811,7.3348
"CFHR4",-3.764,3.3615,7.1255
"CFHR5",-7.348,2.5244,9.8724
"CFI",-1.4965,1.8476,3.3441
"CFP",-1.5736,5.7359,7.3095
"CGA",-3.9969,7.8147,11.8116
"CGB3_CGB5_CGB8",-2.3146,12.3671,14.6817
"CGN",-1.7626,6.0922,7.8548
"CGREF1",-3.1571,3.0233,6.1804
"CHAC2",-2.81605,7.18625,10.0023
"CHAD",-3.21945,2.85955,6.079
"CHCHD10",-3.8441,5.42485,9.26895
"CHCHD6",-1.89,5.46915,7.35915
"CHEK2",-2.21765,5.2478,7.46545
"CHGA",-4.1863,5.8383,10.0246
"CHGB",-2.6146,4.5916,7.2062
"CHI3L1",-3.3494,6.4129,9.7623
"CHIT1",-8.5825,4.9094,13.4919
"CHL1",-2.4132,3.4579,5.8711
"CHM",-3.0988,6.44915,9.54795
"CHMP1A",-3.8736,4.13615,8.00975
"CHMP6",-3.3603,2.4037,5.764
"CHP1",-4.6242,10.56785,15.19205
"CHRDL1",-6.1442,2.4486,8.5928
"CHRDL2",-3.3658,3.4817,6.8475
"CHRM1",-1.3764,5.6001,6.9765
"CIAPIN1",-4.29255,3.73425,8.0268
"CILP",-3.79515,4.88065,8.6758
"CINP",-2.2976,7.2099,9.5075
"CIRBP",-4.2393,3.7238,7.9631
"CIT",-1.7857,6.8306,8.6163
"CKAP4",-1.23415,4.3563,5.59045
"CKB",-3.5024,3.622,7.1244
"CKMT1A_CKMT1B",-8.9133,4.06755,12.98085
"CLASP1",-2.7836,7.8677,10.6513
"CLC",-3.1703,5.5191,8.6894
"CLEC10A",-3.937,2.47885,6.41585
"CLEC11A",-4.79645,3.79065,8.5871
"CLEC12A",-2.3724,3.9599,6.3323
"CLEC14A",-1.5287,3.02085,4.54955
"CLEC1A",-2.114,3.0784,5.1924
"CLEC1B",-3.8333,4.21075,8.04405
"CLEC2L",-1.206,5.1608,6.3668
"CLEC3B",-1.9504,6.2394,8.1898
"CLEC4A",-4.2932,1.9498,6.243
"CLEC4C",-4.0771,5.1749,9.252
"CLEC4D",-3.6362,4.1451,7.7813
"CLEC4G",-1.7103,3.1356,4.8459
"CLEC4M",-5.2876,2.228,7.5156
"CLEC5A",-1.79765,3.30025,5.0979
"CLEC6A",-3.4623,4.3033,7.7656
"CLEC7A",-6.21765,3.1288,9.34645
"CLGN",-2.0132,5.9957,8.0089
"CLIC5",-1.3376,5.7587,7.0963
"CLINT1",-3.021,10.5778,13.5988
"CLIP2",-5.41915,4.48955,9.9087
"CLMP",-1.69085,2.96605,4.6569
"CLNS1A",-1.26635,7.5593,8.82565
"CLPP",-3.90785,5.75135,9.6592
"CLPS",-6.6853,5.5265,12.2118
"CLSPN",-1.2661,8.2085,9.4746
"CLSTN1",-3.4014,7.0328,10.4342
"CLSTN2",-1.9889,4.1227,6.1116
"CLSTN3",-2.10085,5.45515,7.556
"CLTA",-1.7245,6.1333,7.8578
"CLU",-1.2618,4.5733,5.8351
"CLUL1",-2.3282,4.9425,7.2707
"CMC1",-2.9202,4.5541,7.4743
"CMIP",-2.8023,5.8742,8.6765
"CNDP1",-5.8196,2.8429,8.6625
"CNGB3",-1.6195,9.6446,11.2641
"CNP",-4.0869,4.7094,8.7963
"CNPY2",-2.0608,9.10285,11.16365
"CNPY4",-3.4433,2.9139,6.3572
"CNST",-5.4523,4.7261,10.1784
"CNTF",-2.3501,4.8067,7.1568
"CNTN1",-4.2507,2.0048,6.2555
"CNTN2",-2.2957,2.8989,5.1946
"CNTN3",-2.2689,1.9537,4.2226
"CNTN4",-3.09,2.9012,5.9912
"CNTN5",-1.6695,4.1128,5.7823
"CNTNAP2",-2.41725,5.0543,7.47155
"CNTNAP4",-1.3327,8.6565,9.9892
"COCH",-3.4479,3.5305,6.9784
"COL15A1",-3.9436,3.1766,7.1202
"COL18A1",-2.25725,1.53735,3.7946
"COL1A1",-1.21875,2.34945,3.5682
"COL24A1",-8.5741,2.8114,11.3855
"COL28A1",-2.961,5.8144,8.7754
"COL2A1",-2.2661,4.3056,6.5717
"COL3A1",-1.84385,3.37785,5.2217
"COL4A1",-2.0866,4.24755,6.33415
"COL4A4",-7.51315,2.7779,10.29105
"COL5A1",-1.55765,6.21195,7.7696
"COL6A3",-2.2813,3.4634,5.7447
"COL9A1",-1.7346,5.1866,6.9212
"COL9A2",-1.7335,7.19945,8.93295
"COLEC12",-1.94,2.2054,4.1454
"COMMD1",-2.4063,4.8506,7.2569
"COMMD9",-1.9432,6.8325,8.7757
"COMP",-2.877,3.16525,6.04225
"COMT",-5.0434,3.8445,8.8879
"COPB2",-2.4243,5.0541,7.4784
"COPE",-1.72805,8.64585,10.3739
"COQ7",-1.3544,6.5716,7.926
"CORO1A",-3.0557,8.8603,11.916
"CORO6",-1.37645,6.5966,7.97305
"COX5B",-2.6845,5.4657,8.1502
"COX6B1",-1.4175,2.5894,4.0069
"CPA1",-6.0733,4.7924,10.8657
"CPA2",-2.9879,3.8018,6.7897
"CPA4",-4.5512,2.6417,7.1929
"CPB1",-3.536,5.726,9.262
"CPB2",-1.6177,3.0613,4.679
"CPE",-3.2931,3.2892,6.5823
"CPLX2",-1.45995,7.34175,8.8017
"CPM",-2.07705,3.457,5.53405
"CPOX",-1.64155,5.34085,6.9824
"CPPED1",-4.49785,4.17875,8.6766
"CPQ",-5.3271,3.4451,8.7722
"CPTP",-1.091,5.3241,6.4151
"CPVL",-7.3103,3.1257,10.436
"CPXM1",-3.13005,4.42775,7.5578
"CPXM2",-1.423,5.0168,6.4398
"CR1",-5.3584,7.9803,13.3387
"CR2",-6.4491,4.3511,10.8002
"CRACR2A",-3.11165,6.49575,9.6074
"CRADD",-3.6131,3.1288,6.7419
"CREB3",-2.0869,7.5286,9.6155
"CREBZF",-1.6397,5.25635,6.89605
"CREG1",-3.9747,3.8188,7.7935
"CRELD1",-2.10445,2.94995,5.0544
"CRELD2",-5.1909,4.6782,9.8691
"CRH",-3.7392,7.84735,11.58655
"CRHBP",-2.4301,1.9474,4.3775
"CRHR1",-2.95455,8.94965,11.9042
"CRIM1",-1.2985,2.7716,4.0701
"CRIP2",-1.8474,6.9316,8.779
"CRISP2",-5.4803,2.55965,8.03995
"CRISP3",-3.3784,2.6283,6.0067
"CRKL",-5.3673,3.7723,9.1396
"CRLF1",-2.272,2.1048,4.3768
"CRNN",-5.7734,5.2469,11.0203
"CRTAC1",-2.54655,1.25535,3.8019
"CRTAM",-3.37095,3.62915,7.0001
"CRTAP",-1.2734,5.2568,6.5302
"CRX",-2.0214,10.23925,12.26065
"CRYBB1",-4.3835,3.4414,7.8249
"CRYBB2",-1.3267,8.405,9.7317
"CRYGD",-5.4352,4.643,10.0782
"CRYM",-2.1677,9.8343,12.002
"CRYZL1",-5.80665,3.4539,9.26055
"CSDE1",-2.6987,8.509,11.2077
"CSF1",-1.4846,2.3743,3.8589
"CSF1R",-6.68935,5.56485,12.2542
"CSF2",-1.6327,4.8819,6.5146
"CSF2RA",-2.3597,6.1797,8.5394
"CSF2RB",-1.8996,4.9284,6.828
"CSF3",-2.4499,8.2548,10.7047
"CSF3R",-1.3955,4.9997,6.3952
"CSH1",-1.6672,11.1025,12.7697
"CSNK1D",-1.9767,6.6006,8.5773
"CSNK2A1",-2.9326,3.9543,6.8869
"CSPG4",-4.02065,2.606,6.62665
"CSPG5",-1.8494,6.8854,8.7348
"CSRP3",-4.1222,10.3933,14.5155
"CST1",-3.949,9.15785,13.10685
"CST3",-2.5037,2.6716,5.1753
"CST5",-2.19215,4.1277,6.31985
"CST6",-2.81255,3.0999,5.91245
"CST7",-2.6288,6.776,9.4048
"CSTB",-2.0216,4.51085,6.53245
"CTAG1A_CTAG1B",-7.4759,8.3308,15.8067
"CTBS",-5.50355,3.96985,9.4734
"CTF1",-3.79595,8.9361,12.73205
"CTHRC1",-2.4078,3.1898,5.5976
"CTLA4",-1.5704,7.35915,8.92955
"CTNNA1",-1.2537,5.9857,7.2394
"CTRB1",-5.5636,5.2147,10.7783
"CTRC",-7.0317,6.06985,13.10155
"CTRL",-5.5528,4.4425,9.9953
"CTSB",-2.83415,4.65135,7.4855
"CTSC",-3.2549,3.89355,7.14845
"CTSD",-2.58645,4.89345,7.4799
"CTSE",-5.5575,4.2012,9.7587
"CTSF",-4.00215,3.38205,7.3842
"CTSH",-5.11415,6.2718,11.38595
"CTSL",-1.27215,2.34265,3.6148
"CTSO",-2.9464,2.8034,5.7498
"CTSS",-1.42945,2.20005,3.6295
"CTSV",-2.7405,3.7839,6.5244
"CTSZ",-3.2515,2.5748,5.8263
"CUZD1",-1.1379,7.5716,8.7095
"CWC15",-1.5441,6.0144,7.5585
"CX3CL1",-1.49265,3.8357,5.32835
"CXADR",-1.6436,5.5479,7.1915
"CXCL1",-3.0304,7.1614,10.1918
"CXCL10",-2.41785,8.147,10.56485
"CXCL11",-3.6355,8.8336,12.4691
"CXCL12",-2.8779,5.532,8.4099
"CXCL13",-2.01635,10.08295,12.0993
"CXCL14",-2.1351,8.50435,10.63945
"CXCL16",-1.4138,2.045,3.4588
"CXCL17",-3.4149,6.1029,9.5178
"CXCL3",-5.3456,6.0133,11.3589
"CXCL5",-5.299,5.5221,10.8211
"CXCL6",-5.2205,4.47685,9.69735
"CXCL8",-2.5724,8.5352,11.1076
"CXCL9",-2.5834,6.9595,9.5429
"CYB5A",-2.4172,9.3815,11.7987
"CYB5R2",-5.2999,5.71,11.0099
"CYP24A1",-2.5116,10.21255,12.72415
"CYTH3",-3.119,8.645,11.764
"CYTL1",-1.82855,3.15345,4.982
"DAAM1",-3.0755,3.6308,6.7063
"DAB2",-4.86215,4.05735,8.9195
"DAG1",-2.2981,2.2245,4.5226
"DAND5",-7.5668,10.0701,17.6369
"DAPK2",-2.1083,6.3523,8.4606
"DAPP1",-6.7148,4.9594,11.6742
"DARS1",-3.82555,5.19195,9.0175
"DBH",-7.0104,2.7319,9.7423
"DBI",-3.0847,5.3011,8.3858
"DBN1",-1.8413,5.0138,6.8551
"DBNL",-4.6778,3.6319,8.3097
"DCBLD2",-4.9569,4.7093,9.6662
"DCC",-1.0267,5.58795,6.61465
"DCDC2C",-3.5704,11.2117,14.7821
"DCLRE1C",-1.94065,5.14325,7.0839
"DCN",-1.40735,2.6568,4.06415
"DCTD",-3.82975,4.37495,8.2047
"DCTN1",-2.96055,3.72435,6.6849
"DCTN2",-3.8025,6.478,10.2805
"DCTN6",-2.9837,7.6214,10.6051
"DCTPP1",-3.2199,3.5368,6.7567
"DCUN1D1",-1.87165,7.53795,9.4096
"DCUN1D2",-3.0414,9.6221,12.6635
"DCXR",-2.8147,4.2865,7.1012
"DDA1",-1.83915,6.71755,8.5567
"DDAH1",-1.7368,5.49975,7.23655
"DDC",-2.6321,4.3665,6.9986
"DDHD2",-3.062,2.6636,5.7256
"DDI2",-4.5087,4.0571,8.5658
"DDR1",-1.4091,3.2754,4.6845
"DDT",-1.4662,5.7417,7.2079
"DDX1",-1.9602,5.8336,7.7938
"DDX25",-1.7482,7.8617,9.6099
"DDX39A",-1.0879,5.5351,6.623
"DDX4",-1.84665,7.12985,8.9765
"DDX53",-1.8788,7.5621,9.4409
"DDX58",-2.5433,7.4807,10.024
"DECR1",-5.10475,4.57525,9.68
"DEFA1_DEFA1B",-2.9771,5.8893,8.8664
"DEFB103A_DEFB103B",-1.6121,8.694,10.3061
"DEFB104A_DEFB104B",-1.563,7.7344,9.2974
"DEFB116",-1.3406,8.495,9.8356
"DEFB118",-1.4472,9.0974,10.5446
"DEFB4A_DEFB4B",-6.826,6.9953,13.8213
"DENND2B",-1.6552,8.9213,10.5765
"DENR",-2.33,7.5781,9.9081
"DFFA",-6.3321,3.9832,10.3153
"DGCR6",-1.76365,8.50915,10.2728
"DGKA",-2.12795,4.87475,7.0027
"DGKZ",-1.998,5.0569,7.0549
"DHODH",-1.741,7.5184,9.2594
"DHPS",-1.4983,6.7612,8.2595
"DHRS4L2",-1.7453,7.8344,9.5797
"DIABLO",-5.13195,5.65735,10.7893
"DIPK1C",-1.4032,6.7027,8.1059
"DIPK2B",-5.0449,4.9193,9.9642
"DKK1",-2.80445,3.54545,6.3499
"DKK3",-1.733,2.0925,3.8255
"DKK4",-2.108,6.3589,8.4669
"DKKL1",-3.9889,4.2931,8.282
"DLG4",-2.4909,5.0977,7.5886
"DLGAP5",-1.4856,8.9186,10.4042
"DLK1",-4.9846,3.7932,8.7778
"DLL1",-4.8561,2.6149,7.471
"DLL4",-1.9727,13.4435,15.4162
"DMD",-1.25385,7.20475,8.4586
"DMP1",-6.09,4.412,10.502
"DNAJA1",-2.2029,7.6671,9.87
"DNAJA2",-4.1442,3.1528,7.297
"DNAJA4",-3.5905,3.553,7.1435
"DNAJB1",-4.0713,3.9425,8.0138
"DNAJB14",-2.7702,6.6069,9.3771
"DNAJB2",-2.0677,5.0972,7.1649
"DNAJB6",-3.2898,3.8953,7.1851
"DNAJB8",-1.4277,8.2657,9.6934
"DNAJC21",-1.3569,5.4786,6.8355
"DNAJC6",-3.3777,4.6782,8.0559
"DNAJC9",-5.159,4.4607,9.6197
"DNER",-1.744,2.20735,3.95135
"DNLZ",-2.4994,8.4985,10.9979
"DNM1",-5.7357,4.87705,10.61275
"DNM3",-1.7562,6.4112,8.1674
"DNMBP",-2.40755,4.7151,7.12265
"DNPEP",-5.5764,3.5848,9.1612
"DNPH1",-2.5689,2.9447,5.5136
"DOC2B",-1.2801,7.3182,8.5983
"DOCK9",-1.79185,10.15635,11.9482
"DOK1",-5.8548,3.7696,9.6244
"DOK2",-5.0606,5.6064,10.667
"DPEP1",-3.179,3.5609,6.7399
"DPEP2",-4.581,2.82525,7.40625
"DPP10",-2.5288,4.4604,6.9892
"DPP4",-3.56675,3.47145,7.0382
"DPP6",-1.9651,2.5203,4.4854
"DPP7",-3.6892,4.3995,8.0887
"DPT",-2.586,1.353,3.939
"DPY30",-2.64075,5.7411,8.38185
"DRAXIN",-3.1514,4.7118,7.8632
"DRG2",-1.96755,3.23375,5.2013
"DSC2",-1.6853,5.9403,7.6256
"DSCAM",-1.88795,2.45885,4.3468
"DSG2",-1.5427,2.5936,4.1363
"DSG3",-3.2912,3.293,6.5842
"DSG4",-3.67985,5.4963,9.17615
"DTD1",-3.4925,4.402,7.8945
"DTNB",-5.19095,5.56955,10.7605
"DTX2",-1.83265,9.27525,11.1079
"DTX3",-1.1918,2.9684,4.1602
"DTYMK",-4.3777,5.0225,9.4002
"DUOX2",-1.9978,9.7214,11.7192
"DUSP13",-1.8747,6.5408,8.4155
"DUSP29",-1.71785,7.99585,9.7137
"DUSP3",-2.8514,10.00435,12.85575
"DUT",-5.7111,5.3098,11.0209
"DXO",-2.5333,4.166,6.6993
"DYNC1H1",-1.4908,7.613,9.1038
"DYNLT1",-1.9726,6.9753,8.9479
"DYNLT3",-2.0223,5.5921,7.6144
"EBAG9",-3.8617,4.4676,8.3293
"EBI3_IL27",-1.5452,3.8823,5.4275
"ECE1",-2.392,5.5109,7.9029
"ECHDC3",-3.0964,6.7176,9.814
"ECHS1",-3.6056,5.3964,9.002
"ECI2",-1.681,6.3807,8.0617
"ECM1",-2.5735,3.6193,6.1928
"ECSCR",-1.2951,8.2846,9.5797
"EDA2R",-6.44,3.9507,10.3907
"EDAR",-3.3302,4.4843,7.8145
"EDDM3B",-2.51535,6.14345,8.6588
"EDEM2",-1.5975,6.005,7.6025
"EDF1",-2.4238,7.94785,10.37165
"EDIL3",-1.5748,5.2385,6.8133
"EDN1",-1.63755,3.41055,5.0481
"EDNRB",-1.63815,6.6357,8.27385
"EEF1D",-3.2515,5.6708,8.9223
"EFCAB14",-2.456,6.0199,8.4759
"EFCAB2",-1.4635,5.4724,6.9359
"EFEMP1",-3.07625,2.91475,5.991
"EFHD1",-2.444,5.5478,7.9918
"EFNA1",-1.32165,2.7671,4.08875
"EFNA4",-2.0473,4.3747,6.422
"EFNB2",-6.4124,9.4967,15.9091
"EGF",-5.646,4.5297,10.1757
"EGFL7",-1.98,5.7008,7.6808
"EGFLAM",-2.14625,4.73765,6.8839
"EGFR",-2.01775,1.68245,3.7002
"EGLN1",-1.696,7.52345,9.21945
"EHBP1",-2.3497,4.4833,6.833
"EHD3",-5.7662,5.3392,11.1054
"EIF1AX",-1.85815,6.30565,8.1638
"EIF2AK2",-3.6374,6.2908,9.9282
"EIF2AK3",-2.2065,5.316,7.5225
"EIF2S2",-1.84555,4.21615,6.0617
"EIF4B",-3.34255,2.85115,6.1937
"EIF4E",-3.4448,4.0655,7.5103
"EIF4EBP1",-3.9251,5.903,9.8281
"EIF4G1",-4.9142,3.5148,8.429
"EIF4G3",-2.5547,7.1492,9.7039
"EIF5",-2.1423,7.1966,9.3389
"EIF5A",-1.6245,6.1751,7.7996
"ELAC1",-3.7421,3.8283,7.5704
"ELAVL4",-3.6052,10.2245,13.8297
"ELN",-2.6026,2.8505,5.4531
"ELOA",-4.054,6.735,10.789
"ELOB",-1.27495,8.4482,9.72315
"ENAH",-2.9299,4.8481,7.778
"ENDOU",-4.7325,7.1724,11.9049
"ENG",-1.3112,2.2343,3.5455
"ENO1",-3.6512,2.9765,6.6277
"ENO2",-2.4496,3.3772,5.8268
"ENO3",-2.0736,6.339,8.4126
"ENOPH1",-5.4541,9.5535,15.0076
"ENOX2",-1.0323,4.4075,5.4398
"ENPEP",-1.2584,8.6988,9.9572
"ENPP2",-1.5075,2.6411,4.1486
"ENPP5",-4.988,2.8808,7.8688
"ENPP6",-2.45115,2.73925,5.1904
"ENPP7",-5.4621,4.6139,10.076
"ENSA",-3.493,6.999,10.492
"ENTPD2",-3.7324,6.7289,10.4613
"ENTPD5",-2.0339,1.3775,3.4114
"ENTPD6",-2.82255,2.50735,5.3299
"ENTR1",-2.67545,5.5544,8.22985
"EP300",-2.2686,7.4782,9.7468
"EPB41L5",-2.6278,9.4174,12.0452
"EPCAM",-3.3393,4.2019,7.5412
"EPGN",-0.9427,7.0899,8.0326
"EPHA1",-3.4661,2.123,5.5891
"EPHA10",-2.64315,8.4216,11.06475
"EPHA2",-2.08695,5.19305,7.28
"EPHA4",-2.4216,2.1349,4.5565
"EPHB4",-1.5741,3.25105,4.82515
"EPHB6",-1.83345,2.88845,4.7219
"EPHX2",-2.2376,6.9279,9.1655
"EPN1",-1.3975,8.0775,9.475
"EPO",-2.40675,8.39175,10.7985
"EPPK1",-4.2129,5.793,10.0059
"EPS8L2",-2.0205,4.0607,6.0812
"ERBB2",-4.79855,4.63995,9.4385
"ERBB3",-3.0757,1.8556,4.9313
"ERBB4",-4.17225,4.5938,8.76605
"ERBIN",-4.05535,4.43875,8.4941
"ERC2",-1.9193,9.02425,10.94355
"ERCC1",-1.77205,8.5809,10.35295
"EREG",-2.5422,6.1643,8.7065
"ERI1",-2.3318,4.9057,7.2375
"ERMAP",-1.9752,4.6914,6.6666
"ERN1",-2.6695,5.0671,7.7366
"ERP29",-4.3846,4.2454,8.63
"ERP44",-1.246,2.5351,3.7811
"ERVV-1",-1.68845,8.26585,9.9543
"ESAM",-1.90095,3.4967,5.39765
"ESM1",-1.9043,2.8466,4.7509
"ESPL1",-1.7375,9.86375,11.60125
"ESR1",-1.3098,6.9858,8.2956
"ESYT2",-2.8265,4.991,7.8175
"EVI2B",-1.5971,7.3599,8.957
"EVI5",-3.0512,7.0499,10.1011
"EVPL",-1.4162,5.7696,7.1858
"EXOSC10",-1.3,7.9996,9.2996
"EXTL1",-1.7143,7.397,9.1113
"EZR",-1.313,2.936,4.249
"F10",-3.90745,6.27425,10.1817
"F11",-1.9589,6.675,8.6339
"F11R",-2.12225,4.02705,6.1493
"F12",-2.8213,3.8624,6.6837
"F13B",-1.77905,2.66395,4.443
"F2",-1.2659,1.9321,3.198
"F2R",-3.0857,2.63415,5.71985
"F3",-1.6405,1.91385,3.55435
"F7",-2.7767,2.8721,5.6488
"F9",-2.575,1.8769,4.4519
"FABP1",-4.39895,6.2699,10.66885
"FABP2",-3.0391,5.16185,8.20095
"FABP3",-6.2223,5.9625,12.1848
"FABP4",-3.0496,4.7608,7.8104
"FABP5",-3.6059,5.4937,9.0996
"FABP6",-2.11235,6.5751,8.68745
"FABP9",-2.793,6.4354,9.2284
"FADD",-3.10295,4.59485,7.6978
"FAM13A",-2.3061,4.3336,6.6397
"FAM171A2",-2.8261,10.0768,12.9029
"FAM171B",-1.3369,4.864,6.2009
"FAM172A",-2.5005,3.2918,5.7923
"FAM20A",-2.1996,3.8319,6.0315
"FAM3B",-5.00435,2.85635,7.8607
"FAM3C",-2.1806,2.4001,4.5807
"FAM3D",-6.3015,3.4402,9.7417
"FAP",-2.0274,2.3512,4.3786
"FARSA",-1.8844,7.2327,9.1171
"FAS",-1.6964,5.5184,7.2148
"FASLG",-3.50385,2.72775,6.2316
"FBLN2",-3.84355,2.96415,6.8077
"FBN2",-8.4821,8.2323,16.7144
"FBP1",-7.5362,6.491,14.0272
"FCAMR",-3.33115,5.63265,8.9638
"FCAR",-2.1321,6.963,9.0951
"FCER1A",-1.755,3.9438,5.6988
"FCER2",-3.47555,7.55355,11.0291
"FCGR2A",-4.8897,3.2111,8.1008
"FCGR2B",-4.0501,8.3689,12.419
"FCGR3B",-3.59825,2.63845,6.2367
"FCN1",-8.7733,3.3194,12.0927
"FCN2",-7.32175,2.33695,9.6587
"FCRL1",-3.5775,5.4821,9.0596
"FCRL2",-3.0688,5.09555,8.16435
"FCRL3",-2.679,5.50385,8.18285
"FCRL5",-3.6097,4.7767,8.3864
"FCRL6",-3.8834,4.39665,8.28005
"FCRLB",-2.9837,8.5881,11.5718
"FDX1",-2.8195,8.0449,10.8644
"FDX2",-3.3298,7.4814,10.8112
"FEN1",-2.0619,9.06045,11.12235
"FES",-2.50135,6.77855,9.2799
"FETUB",-7.2255,1.873,9.0985
"FGA",-3.5941,2.4422,6.0363
"FGD3",-3.1215,4.0193,7.1408
"FGF12",-1.1708,8.6525,9.8233
"FGF16",-2.684,7.8779,10.5619
"FGF19",-5.29,5.8046,11.0946
"FGF2",-2.0365,5.7404,7.7769
"FGF20",-1.86865,6.43985,8.3085
"FGF21",-4.3669,6.92905,11.29595
"FGF23",-2.63485,6.18205,8.8169
"FGF3",-1.4643,6.6136,8.0779
"FGF5",-1.879,5.37655,7.25555
"FGF6",-1.34305,8.25945,9.6025
"FGF7",-2.0145,9.2135,11.228
"FGF9",-6.8472,7.9459,14.7931
"FGFBP1",-4.2567,6.6228,10.8795
"FGFBP2",-4.6557,2.9655,7.6212
"FGFBP3",-2.33015,2.88115,5.2113
"FGFR2",-3.1237,2.4976,5.6213
"FGFR4",-3.5967,2.52615,6.12285
"FGL1",-5.4738,3.7224,9.1962
"FGR",-2.52725,7.04245,9.5697
"FH",-2.2498,9.4454,11.6952
"FHIP2A",-2.7884,8.5369,11.3253
"FHIT",-4.0016,5.8725,9.8741
"FIS1",-2.8906,5.33815,8.22875
"FKBP14",-4.3451,4.854,9.1991
"FKBP1B",-5.1051,5.3538,10.4589
"FKBP4",-2.6763,1.9226,4.5989
"FKBP5",-3.9786,3.3122,7.2908
"FKBP7",-1.6575,8.65825,10.31575
"FKBPL",-2.2831,5.4384,7.7215
"FLI1",-4.0676,6.0982,10.1658
"FLRT2",-1.4545,3.64185,5.09635
"FLT1",-1.06175,4.63025,5.692
"FLT3",-1.9041,7.1582,9.0623
"FLT3LG",-4.1532,3.1952,7.3484
"FLT4",-3.94445,2.3372,6.28165
"FMNL1",-2.5464,7.359,9.9054
"FMR1",-2.3527,4.1115,6.4642
"FN1",-2.0695,2.5358,4.6053
"FNDC1",-3.1401,2.9449,6.085
"FNTA",-1.5991,5.6603,7.2594
"FOLH1",-1.4508,10.3957,11.8465
"FOLR1",-4.3343,4.1498,8.4841
"FOLR2",-1.95005,2.82245,4.7725
"FOLR3",-8.4386,4.7084,13.147
"FOS",-2.1633,4.7753,6.9386
"FOSB",-1.6297,7.5518,9.1815
"FOXJ3",-1.4435,4.9685,6.412
"FOXO1",-3.2255,5.704,8.9295
"FOXO3",-7.56155,9.0427,16.60425
"FRMD4B",-2.63,5.6864,8.3164
"FRMD7",-3.0791,6.9563,10.0354
"FRZB",-4.18965,1.40895,5.5986
"FSHB",-1.9315,6.84755,8.77905
"FST",-2.3085,4.11,6.4185
"FSTL1",-2.0871,3.5106,5.5977
"FSTL3",-1.6634,2.9428,4.6062
"FTCD",-2.59035,4.57345,7.1638
"FUCA1",-4.0968,4.4028,8.4996
"FUOM",-4.68,5.1382,9.8182
"FURIN",-3.8888,2.9024,6.7912
"FUS",-2.1332,4.0486,6.1818
"FUT1",-4.9143,8.7419,13.6562
"FUT3_FUT5",-2.6147,4.7873,7.402
"FUT8",-3.9503,3.0489,6.9992
"FXN",-4.52035,3.62865,8.149
"FXYD5",-2.5778,7.8839,10.4617
"FYB1",-4.78245,4.18925,8.9717
"FZD10",-1.7886,9.6692,11.4578
"FZD8",-1.80575,6.3223,8.12805
"GABARAP",-2.73385,5.7451,8.47895
"GABARAPL1",-2.21,8.64515,10.85515
"GABRA4",-2.06625,7.22,9.28625
"GAD1",-1.34,3.4591,4.7991
"GAD2",-1.3571,7.3815,8.7386
"GADD45B",-1.7238,8.6654,10.3892
"GADD45GIP1",-1.5842,4.8996,6.4838
"GAGE2A",-1.9909,11.1635,13.1544
"GAL",-2.8586,3.6064,6.465
"GALNT10",-1.80695,3.1352,4.94215
"GALNT2",-2.2548,1.63465,3.88945
"GALNT3",-2.38525,4.1965,6.58175
"GALNT5",-1.90385,3.8863,5.79015
"GALNT7",-1.9295,3.0378,4.9673
"GAMT",-1.532,5.8405,7.3725
"GAPDH",-3.314,1.4572,4.7712
"GART",-1.1218,5.1663,6.2881
"GAS2",-2.0086,8.6143,10.6229
"GAS6",-2.4733,1.9351,4.4084
"GASK1A",-2.3156,3.7048,6.0204
"GAST",-2.3774,5.8907,8.2681
"GATA3",-1.7907,3.384,5.1747
"GATD3",-2.7324,6.15265,8.88505
"GBA",-3.5717,7.7383,11.31
"GBP1",-7.1161,5.7757,12.8918
"GBP2",-7.3819,8.1294,15.5113
"GBP4",-1.9065,6.5721,8.4786
"GBP6",-1.5094,6.6827,8.1921
"GC",-1.0986,1.4849,2.5835
"GCC1",-4.41275,3.858,8.27075
"GCG",-8.5404,7.8939,16.4343
"GCHFR",-3.8147,5.9013,9.716
"GCLM",-1.55385,7.24375,8.7976
"GCNT1",-1.9194,2.71415,4.63355
"GDF15",-2.24745,7.08375,9.3312
"GDF2",-3.1408,2.8885,6.0293
"GDNF",-2.3143,5.2672,7.5815
"GET3",-2.0582,6.1163,8.1745
"GFAP",-2.23605,6.42955,8.6656
"GFER",-2.4972,3.8655,6.3627
"GFOD2",-1.6591,11.5726,13.2317
"GFRA1",-1.9372,2.61595,4.55315
"GFRA2",-1.8045,3.45875,5.26325
"GFRA3",-1.80805,2.9259,4.73395
"GFRAL",-2.7295,7.4568,10.1863
"GGA1",-2.6079,6.80885,9.41675
"GGACT",-2.4682,3.7789,6.2471
"GGCT",-1.9148,4.9371,6.8519
"GGH",-2.4517,5.1483,7.6
"GGT1",-2.0124,4.8114,6.8238
"GGT5",-3.77905,3.5257,7.30475
"GH1",-5.0048,7.6482,12.653
"GH2",-3.7348,13.3715,17.1063
"GHR",-1.4639,2.7186,4.1825
"GHRHR",-2.4099,8.6534,11.0633
"GHRL",-4.6037,4.4394,9.0431
"GID8",-1.66305,6.04975,7.7128
"GIGYF2",-3.393,4.6906,8.0836
"GIMAP7",-2.0616,4.3353,6.3969
"GIMAP8",-2.0171,8.3787,10.3958
"GIP",-1.68045,3.81945,5.4999
"GIPC2",-1.2663,3.40935,4.67565
"GIPC3",-4.64165,3.4567,8.09835
"GIPR",-1.8348,8.32405,10.15885
"GIT1",-4.3093,5.6052,9.9145
"GJA8",-3.7348,9.4433,13.1781
"GKN1",-3.3138,3.7024,7.0162
"GLA",-3.361,3.1576,6.5186
"GLB1",-1.77955,3.33535,5.1149
"GLI2",-1.902,5.4691,7.3711
"GLIPR1",-1.2634,0.7451,2.0085
"GLO1",-2.5425,3.3789,5.9214
"GLOD4",-1.96435,1.69695,3.6613
"GLP1R",-2.0408,4.8038,6.8446
"GLRX",-2.71675,4.94865,7.6654
"GLRX5",-4.7655,6.1191,10.8846
"GLT8D2",-1.9833,9.542,11.5253
"GLYR1",-1.48455,8.5756,10.06015
"GM2A",-4.0156,6.3037,10.3193
"GMFG",-3.02095,4.13515,7.1561
"GMPR",-5.0653,2.8738,7.9391
"GMPR2",-5.0314,4.6954,9.7268
"GNAS",-1.9209,7.2022,9.1231
"GNE",-3.2157,6.6508,9.8665
"GNGT1",-2.13185,8.2518,10.38365
"GNLY",-6.5315,5.6669,12.1984
"GNPDA1",-1.1714,7.54765,8.71905
"GNPDA2",-1.99485,2.81015,4.805
"GOLGA3",-2.3258,5.6422,7.968
"GOLM2",-1.6525,4.937,6.5895
"GOPC",-4.30895,5.4094,9.71835
"GORASP2",-1.6656,4.3887,6.0543
"GOT1",-5.03775,7.02095,12.0587
"GP1BA",-2.3791,2.8934,5.2725
"GP1BB",-2.8737,5.2793,8.153
"GP2",-3.096,6.322,9.418
"GP5",-2.4222,1.4457,3.8679
"GP6",-3.6112,3.24205,6.85325
"GPA33",-7.3396,4.8891,12.2287
"GPC1",-2.2925,1.83,4.1225
"GPC5",-2.8343,4.1697,7.004
"GPD1",-2.87285,4.89895,7.7718
"GPHA2",-1.0644,5.9228,6.9872
"GPI",-2.0295,3.5244,5.5539
"GPIHBP1",-8.3559,5.3833,13.7392
"GPKOW",-1.2506,4.9413,6.1919
"GPNMB",-4.277,2.4244,6.7014
"GPR101",-1.5986,8.9616,10.5602
"GPR158",-1.6395,4.9563,6.5958
"GPR15L",-8.3645,5.3246,13.6891
"GPR37",-2.9984,4.40185,7.40025
"GPRC5C",-1.6996,7.9972,9.6968
"GRAP2",-5.8088,5.29015,11.09895
"GRHPR",-3.7854,4.7413,8.5267
"GRIK2",-1.5469,5.1835,6.7304
"GRIN2B",-1.3993,8.2502,9.6495
"GRK5",-2.12775,7.8765,10.00425
"GRN",-1.88005,4.095,5.97505
"GRP",-4.7923,6.3589,11.1512
"GRPEL1",-4.90575,5.78665,10.6924
"GRSF1",-3.0641,5.671,8.7351
"GSAP",-1.9681,9.25395,11.22205
"GSN",-5.8398,2.9514,8.7912
"GSR",-5.36675,3.49745,8.8642
"GSTA1",-3.13795,6.34195,9.4799
"GSTA3",-2.97795,6.5993,9.57725
"GSTM4",-1.8658,7.8571,9.7229
"GSTP1",-3.4458,6.9567,10.4025
"GSTT2B",-7.03105,6.112,13.14305
"GTF2IRD1",-1.2654,10.1665,11.4319
"GTPBP2",-2.7646,5.3076,8.0722
"GUCA2A",-3.61595,3.15705,6.773
"GUCY2C",-2.0052,7.0616,9.0668
"GUK1",-2.0396,7.8835,9.9231
"GUSB",-2.8683,5.667,8.5353
"GYS1",-4.68655,4.51625,9.2028
"GZMA",-4.0822,4.86905,8.95125
"GZMB",-5.80225,7.33675,13.139
"GZMH",-3.65215,8.37415,12.0263
"H2AP",-1.505,8.9368,10.4418
"HADH",-1.6382,9.3084,10.9466
"HAGH",-3.1118,3.8749,6.9867
"HAO1",-4.8535,5.6332,10.4867
"HARS1",-4.9846,3.5721,8.5567
"HAVCR1",-5.35285,6.50495,11.8578
"HAVCR2",-5.0776,3.4796,8.5572
"HBEGF",-2.79235,2.88655,5.6789
"HBQ1",-3.9111,3.23885,7.14995
"HBZ",-2.7126,5.6189,8.3315
"HCG22",-1.408,10.0501,11.4581
"HCLS1",-3.49285,2.57465,6.0675
"HDAC8",-1.4995,9.0295,10.529
"HDAC9",-2.3516,8.9482,11.2998
"HDDC2",-1.7724,4.8433,6.6157
"HDGF",-3.3176,3.5225,6.8401
"HDGFL2",-2.024,4.6851,6.7091
"HEBP1",-4.5082,10.5229,15.0311
"HEG1",-2.12885,2.11795,4.2468
"HEPACAM2",-2.7937,2.74975,5.54345
"HEPH",-5.3586,1.9495,7.3081
"HEXIM1",-3.5251,3.7838,7.3089
"HGF",-1.60495,4.37765,5.9826
"HGFAC",-7.7713,2.4826,10.2539
"HGS",-3.09045,6.4911,9.58155
"HHEX",-3.23015,3.7469,6.97705
"HIF1A",-2.3132,9.8492,12.1624
"HIP1",-0.973,5.8716,6.8446
"HIP1R",-2.2283,9.1006,11.3289
"HJV",-2.242,6.83355,9.07555
"HK2",-1.8301,4.17855,6.00865
"HLA-A",-1.55675,2.36335,3.9201
"HLA-DRA",-1.838,3.73175,5.56975
"HLA-E",-1.5402,2.8676,4.4078
"HMBS",-2.4929,2.4344,4.9273
"HMCN2",-3.6718,2.716,6.3878
"HMGCL",-1.7913,5.5364,7.3277
"HMGCS1",-2.0974,6.6449,8.7423
"HMMR",-1.6128,7.5925,9.2053
"HMOX1",-2.987,4.2226,7.2096
"HMOX2",-1.974,6.43,8.404
"HNF1A",-2.28235,9.66575,11.9481
"HNMT",-3.5561,4.4273,7.9834
"HNRNPK",-2.70435,4.96645,7.6708
"HNRNPUL1",-1.8243,5.5531,7.3774
"HPCAL1",-3.6041,2.3579,5.962
"HPGDS",-2.1366,5.2639,7.4005
"HPSE",-7.3294,5.0495,12.3789
"HRAS",-2.1627,11.1886,13.3513
"HRC",-1.3608,5.6797,7.0405
"HRG",-4.9795,3.6997,8.6792
"HS1BP3",-3.18335,3.65905,6.8424
"HS3ST3B1",-2.4642,3.6308,6.095
"HS6ST1",-3.2173,6.3208,9.5381
"HS6ST2",-2.4089,3.8665,6.2754
"HSBP1",-2.9762,3.68815,6.66435
"HSD11B1",-3.0341,2.555,5.5891
"HSD17B14",-3.67345,4.94055,8.614
"HSD17B3",-1.6523,6.45485,8.10715
"HSDL2",-1.6914,4.5095,6.2009
"HSP90B1",-1.6679,10.15705,11.82495
"HSPA1A",-2.9075,4.3737,7.2812
"HSPA2",-1.4401,7.9858,9.4259
"HSPB1",-5.4348,1.8974,7.3322
"HSPB6",-2.0018,3.2727,5.2745
"HSPG2",-2.1375,3.8392,5.9767
"HTR1A",-1.80915,9.07185,10.881
"HTR1B",-2.0148,7.3793,9.3941
"HTRA2",-3.48795,3.6454,7.13335
"HYAL1",-2.0804,3.197,5.2774
"HYOU1",-1.5349,1.8391,3.374
"ICA1",-2.95865,4.49345,7.4521
"ICAM1",-2.653,3.3964,6.0494
"ICAM2",-1.5588,2.1457,3.7045
"ICAM3",-1.5424,3.0198,4.5622
"ICAM4",-2.8998,4.6358,7.5356
"ICAM5",-2.3569,4.7093,7.0662
"ICOSLG",-1.449,1.6322,3.0812
"ID4",-1.0467,6.3741,7.4208
"IDI2",-2.0532,7.2593,9.3125
"IDO1",-4.86765,7.09875,11.9664
"IDS",-1.7298,3.0921,4.8219
"IDUA",-5.0799,1.7481,6.828
"IFI30",-4.1532,4.252,8.4052
"IFIT1",-7.4476,6.3498,13.7974
"IFIT3",-1.4379,5.7874,7.2253
"IFNAR1",-4.4582,3.5997,8.0579
"IFNG",-8.6312,11.025,19.6562
"IFNGR1",-1.32815,4.24535,5.5735
"IFNGR2",-1.7272,2.9166,4.6438
"IFNL1",-5.7777,6.4579,12.2356
"IFNL2",-1.5358,7.0634,8.5992
"IFNLR1",-1.6519,6.0036,7.6555
"IFNW1",-1.1949,6.9097,8.1046
"IFT20",-1.5068,5.1948,6.7016
"IGBP1",-3.4259,4.9267,8.3526
"IGDCC3",-1.28345,7.82805,9.1115
"IGDCC4",-3.9543,3.2832,7.2375
"IGF1R",-1.46615,5.26885,6.735
"IGF2BP3",-1.57235,8.22125,9.7936
"IGF2R",-2.51015,2.12225,4.6324
"IGFBP1",-5.3888,5.5704,10.9592
"IGFBP2",-3.2726,3.1451,6.4177
"IGFBP3",-2.7921,1.8579,4.65
"IGFBP4",-2.73535,4.3926,7.12795
"IGFBP6",-2.8469,3.8834,6.7303
"IGFBP7",-1.9423,5.2075,7.1498
"IGFBPL1",-1.7509,3.3181,5.069
"IGFL4",-1.23185,9.37865,10.6105
"IGHMBP2",-2.042,5.3215,7.3635
"IGLC2",-0.92145,5.2788,6.20025
"IGLON5",-1.6228,10.1581,11.7809
"IGSF21",-2.264,5.839,8.103
"IGSF3",-1.4054,5.8622,7.2676
"IGSF8",-2.0679,4.58245,6.65035
"IGSF9",-3.2214,5.3856,8.607
"IKBKG",-4.4002,3.9969,8.3971
"IKZF2",-2.5229,10.0821,12.605
"IL10",-6.0405,9.8668,15.9073
"IL10RA",-1.6892,7.90645,9.59565
"IL10RB",-1.83255,5.12795,6.9605
"IL11",-2.5575,9.9464,12.5039
"IL12A_IL12B",-4.9956,6.9869,11.9825
"IL12B",-5.2254,3.5274,8.7528
"IL12RB1",-2.884,6.2048,9.0888
"IL12RB2",-1.3598,6.8692,8.229
"IL13",-1.9656,9.0041,10.9697
"IL13RA1",-5.4582,1.4698,6.928
"IL13RA2",-2.8098,3.5554,6.3652
"IL15",-2.36315,3.78475,6.1479
"IL15RA",-2.1479,2.94165,5.08955
"IL16",-2.85515,4.1731,7.02825
"IL17A",-1.879,7.1651,9.0441
"IL17C",-2.34505,7.65495,10
"IL17D",-1.9312,7.1666,9.0978
"IL17F",-2.0209,9.36305,11.38395
"IL17RA",-2.1419,4.0311,6.173
"IL17RB",-3.4009,2.8241,6.225
"IL18",-2.78295,4.59825,7.3812
"IL18BP",-2.7001,3.5764,6.2765
"IL18R1",-1.69795,2.7218,4.41975
"IL18RAP",-3.9418,8.7102,12.652
"IL19",-4.1981,7.5689,11.767
"IL1A",-2.5272,9.531,12.0582
"IL1B",-2.4404,7.0574,9.4978
"IL1R1",-1.5438,3.4858,5.0296
"IL1R2",-2.4805,1.45175,3.93225
"IL1RAP",-2.30075,2.42385,4.7246
"IL1RL1",-3.5471,4.1061,7.6532
"IL1RL2",-2.7975,2.5837,5.3812
"IL1RN",-1.88875,5.98605,7.8748
"IL2",-2.5701,7.3271,9.8972
"IL20",-2.303,9.41995,11.72295
"IL20RA",-1.50275,9.0822,10.58495
"IL20RB",-3.14585,4.98775,8.1336
"IL21R",-1.4348,7.4946,8.9294
"IL22",-2.2398,7.3777,9.6175
"IL22RA1",-2.2556,7.8478,10.1034
"IL24",-2.8758,7.252,10.1278
"IL25",-2.0068,4.548,6.5548
"IL2RA",-2.1989,5.6024,7.8013
"IL2RB",-1.9036,8.2441,10.1477
"IL2RG",-1.3639,7.09065,8.45455
"IL3",-7.7631,3.9781,11.7412
"IL31",-1.44055,7.38375,8.8243
"IL31RA",-2.1016,3.5494,5.651
"IL32",-3.5201,4.9939,8.514
"IL33",-3.224,4.4235,7.6475
"IL34",-3.006,3.6081,6.6141
"IL36A",-2.4814,8.3275,10.8089
"IL36G",-2.1099,7.86015,9.97005
"IL3RA",-1.7541,3.2217,4.9758
"IL4",-8.9793,5.4387,14.418
"IL4R",-1.72295,5.5579,7.28085
"IL5",-7.7876,13.2639,21.0515
"IL5RA",-2.6528,4.9017,7.5545
"IL6",-3.419,10.5872,14.0062
"IL6R",-2.87395,3.18895,6.0629
"IL6ST",-1.3654,3.0594,4.4248
"IL7",-2.7227,5.102,7.8247
"IL7R",-2.8856,2.2753,5.1609
"IL9",-3.0107,8.499,11.5097
"ILKAP",-2.6325,9.9112,12.5437
"IMMT",-1.8274,6.4192,8.2466
"IMPA1",-2.23965,4.79785,7.0375
"IMPACT",-2.4242,3.6255,6.0497
"IMPG1",-1.1616,6.9062,8.0678
"ING1",-7.12345,6.6682,13.79165
"INHBB",-2.451,4.6653,7.1163
"INHBC",-3.3433,2.0885,5.4318
"INPP1",-2.4533,4.8356,7.2889
"INPP5D",-2.1075,3.8826,5.9901
"INPP5J",-1.70915,7.39675,9.1059
"INPPL1",-4.07915,5.16795,9.2471
"INSL3",-4.2516,4.905,9.1566
"INSL4",-1.579,10.9302,12.5092
"INSL5",-3.1413,6.2651,9.4064
"INSR",-0.8556,2.7566,3.6122
"IPCEF1",-5.0997,4.5179,9.6176
"IQGAP2",-3.0877,5.273,8.3607
"IRAG2",-3.3771,6.0819,9.459
"IRAK1",-2.457,4.3933,6.8503
"IRAK4",-5.3141,3.3972,8.7113
"ISLR2",-2.6196,3.6667,6.2863
"ISM1",-2.5833,6.2269,8.8102
"ISM2",-2.71655,7.89685,10.6134
"IST1",-4.99285,3.51185,8.5047
"ITGA11",-2.2536,4.4687,6.7223
"ITGA2",-2.1686,3.0797,5.2483
"ITGA5",-1.6876,2.39035,4.07795
"ITGA6",-2.05895,5.861,7.91995
"ITGAL",-4.70195,3.17705,7.879
"ITGAM",-1.98635,3.03505,5.0214
"ITGAV",-1.6647,1.3083,2.973
"ITGAX",-7.47555,7.86465,15.3402
"ITGB1",-2.21655,3.53215,5.7487
"ITGB1BP1",-6.3292,5.3444,11.6736
"ITGB1BP2",-6.0193,5.51465,11.53395
"ITGB2",-1.5163,4.8032,6.3195
"ITGB5",-3.8646,3.8914,7.756
"ITGB6",-1.90095,2.65045,4.5514
"ITGB7",-2.13845,3.98165,6.1201
"ITGBL1",-4.2728,4.5055,8.7783
"ITIH1",-1.3886,3.5417,4.9303
"ITIH3",-3.23035,3.40765,6.638
"ITIH4",-1.80105,4.4004,6.20145
"ITIH5",-2.2227,7.1554,9.3781
"ITM2A",-3.1863,5.6655,8.8518
"ITPA",-2.47605,6.48955,8.9656
"ITPR1",-2.0836,8.5472,10.6308
"ITPRIP",-2.2674,7.0307,9.2981
"IVD",-5.8176,7.1592,12.9768
"IZUMO1",-1.571,7.0954,8.6664
"JAM2",-1.4531,3.01865,4.47175
"JAM3",-1.8947,5.1008,6.9955
"JCHAIN",-7.7488,5.9525,13.7013
"JMJD1C",-2.6515,6.7454,9.3969
"JPT2",-5.0401,3.4702,8.5103
"JUN",-1.5969,7.5904,9.1873
"KAZALD1",-4.40085,3.51305,7.9139
"KAZN",-4.3416,3.8847,8.2263
"KCNC4",-1.4462,7.6752,9.1214
"KCNH2",-1.5842,7.3887,8.9729
"KCNIP4",-2.1274,8.974,11.1014
"KCTD5",-3.2724,7.2799,10.5523
"KDM3A",-1.684,9.2332,10.9172
"KDR",-4.7438,1.8729,6.6167
"KEL",-2.5644,2.6586,5.223
"KHDC3L",-1.928,9.6967,11.6247
"KHK",-3.2397,2.8239,6.0636
"KIAA0319",-2.8986,4.9042,7.8028
"KIAA1549",-7.8617,8.2809,16.1426
"KIAA1549L",-2.1877,4.7974,6.9851
"KIAA2013",-1.55735,7.9559,9.51325
"KIF1C",-1.1819,6.7111,7.893
"KIF20B",-5.6292,9.7272,15.3564
"KIF22",-4.9948,4.8028,9.7976
"KIFBP",-4.30335,6.48545,10.7888
"KIR2DL2",-3.7872,4.6956,8.4828
"KIR2DL3",-3.4386,4.7115,8.1501
"KIR2DS4",-3.8314,5.877,9.7084
"KIR3DL1",-6.15755,8.52165,14.6792
"KIR3DL2",-1.66915,10.83685,12.506
"KIRREL1",-1.7441,8.8053,10.5494
"KIRREL2",-2.4354,6.86605,9.30145
"KIT",-1.8356,2.8449,4.6805
"KITLG",-3.04,3.3439,6.3839
"KLB",-4.5245,6.212,10.7365
"KLF4",-1.9446,5.6165,7.5611
"KLHL41",-1.48345,7.31445,8.7979
"KLK1",-4.6802,5.3524,10.0326
"KLK10",-3.8129,6.4702,10.2831
"KLK11",-3.45645,5.87915,9.3356
"KLK12",-6.06,6.5425,12.6025
"KLK13",-2.3006,4.8597,7.1603
"KLK14",-2.8729,4.5691,7.442
"KLK15",-3.9342,6.73465,10.66885
"KLK3",-3.23755,11.31775,14.5553
"KLK4",-4.7241,6.4261,11.1502
"KLK6",-4.7247,2.6177,7.3424
"KLK7",-2.645,4.2534,6.8984
"KLK8",-4.0665,4.0606,8.1271
"KLKB1",-1.77285,2.95195,4.7248
"KLRB1",-2.18825,3.47965,5.6679
"KLRC1",-1.80945,9.32045,11.1299
"KLRD1",-3.1169,3.65605,6.77295
"KLRF1",-2.24565,5.46905,7.7147
"KLRK1",-3.3039,5.8991,9.203
"KRT14",-1.3559,7.5815,8.9374
"KRT17",-1.8848,7.4215,9.3063
"KRT18",-4.2734,6.3575,10.6309
"KRT19",-2.3103,5.8242,8.1345
"KRT5",-2.3255,5.19855,7.52405
"KRT6C",-1.6393,6.1204,7.7597
"KRT8",-2.4598,8.3204,10.7802
"KYAT1",-6.19155,4.87285,11.0644
"KYNU",-5.6196,2.7697,8.3893
"L1CAM",-3.5278,2.554,6.0818
"L3HYPDH",-4.35055,4.76455,9.1151
"LACRT",-1.2599,6.8296,8.0895
"LACTB2",-3.2143,4.306,7.5203
"LAG3",-1.9075,5.948,7.8555
"LAIR1",-4.94325,4.82115,9.7644
"LAIR2",-6.0211,7.05,13.0711
"LAMA1",-1.8911,7.2264,9.1175
"LAMA4",-1.45505,4.45425,5.9093
"LAMB1",-2.2188,1.738,3.9568
"LAMP1",-2.9001,8.5273,11.4274
"LAMP2",-1.8718,1.6113,3.4831
"LAMP3",-2.5566,2.9632,5.5198
"LAMTOR5",-1.57305,6.41035,7.9834
"LAP3",-2.5846,7.2682,9.8528
"LARP1",-2.2992,8.0192,10.3184
"LAT",-4.4851,3.0628,7.5479
"LAT2",-4.8218,5.5151,10.3369
"LATS1",-3.3687,5.1809,8.5496
"LAYN",-2.11575,3.22375,5.3395
"LBP",-4.0533,5.9525,10.0058
"LBR",-4.5384,6.8857,11.4241
"LCAT",-5.6186,1.842,7.4606
"LCN15",-1.90925,7.54725,9.4565
"LCN2",-2.98965,3.98015,6.9698
"LCP1",-3.5422,6.566,10.1082
"LDLR",-2.3507,2.7802,5.1309
"LDLRAP1",-3.8534,3.8064,7.6598
"LECT2",-3.436,6.9274,10.3634
"LEFTY2",-2.74245,4.35985,7.1023
"LEG1",-2.8134,6.1781,8.9915
"LELP1",-6.4199,10.5727,16.9926
"LEO1",-1.1233,7.1101,8.2334
"LEP",-4.8593,4.1035,8.9628
"LEPR",-1.6527,4.2018,5.8545
"LETM1",-2.3922,5.5367,7.9289
"LGALS1",-3.9388,3.212,7.1508
"LGALS3",-2.0097,3.9362,5.9459
"LGALS3BP",-1.41135,5.06435,6.4757
"LGALS4",-2.0733,3.9061,5.9794
"LGALS7_LGALS7B",-1.87675,5.5148,7.39155
"LGALS8",-2.3847,4.2015,6.5862
"LGALS9",-2.06365,2.71845,4.7821
"LGMN",-2.00815,2.70765,4.7158
"LHB",-2.28935,9.0239,11.31325
"LHPP",-7.4793,4.7704,12.2497
"LIF",-3.2636,11.6925,14.9561
"LIFR",-1.76625,3.4439,5.21015
"LILRA2",-4.6727,2.192,6.8647
"LILRA3",-7.677,1.7394,9.4164
"LILRA4",-2.1893,6.26,8.4493
"LILRA5",-2.2452,4.2687,6.5139
"LILRA6",-2.91665,2.71675,5.6334
"LILRB1",-1.7958,2.24955,4.04535
"LILRB2",-2.2894,2.6361,4.9255
"LILRB4",-2.1644,3.23035,5.39475
"LILRB5",-5.6951,2.056,7.7511
"LIPF",-3.8947,7.0004,10.8951
"LMNB1",-5.3873,7.3863,12.7736
"LMNB2",-2.11225,3.95725,6.0695
"LMOD1",-2.4315,5.1034,7.5349
"LMOD2",-2.6781,6.4202,9.0983
"LONP1",-2.7033,5.3717,8.075
"LPA",-5.9086,5.9663,11.8749
"LPCAT2",-0.97255,6.75255,7.7251
"LPL",-5.6738,1.9542,7.628
"LPO",-5.7672,5.9614,11.7286
"LPP",-2.5764,5.7604,8.3368
"LRCH4",-3.5133,6.4801,9.9934
"LRFN2",-1.35195,6.82905,8.181
"LRG1",-2.1932,3.7264,5.9196
"LRIG1",-2.0258,3.3908,5.4166
"LRIG3",-0.9507,6.5616,7.5123
"LRP1",-1.6308,2.6766,4.3074
"LRP11",-1.91045,2.9787,4.88915
"LRP2",-1.6806,6.5033,8.1839
"LRP2BP",-1.5651,8.9182,10.4833
"LRPAP1",-1.581,4.1611,5.7421
"LRRC25",-1.62615,7.1139,8.74005
"LRRC37A2",-2.8187,3.425,6.2437
"LRRC38",-2.36075,6.77165,9.1324
"LRRC59",-1.5835,4.0834,5.6669
"LRRFIP1",-1.5722,3.6592,5.2314
"LRRN1",-2.3284,2.8328,5.1612
"LRTM1",-1.3612,7.5679,8.9291
"LRTM2",-1.82465,5.3447,7.16935
"LSM1",-2.6422,7.5572,10.1994
"LSM8",-1.7103,8.6095,10.3198
"LSP1",-1.8669,2.9778,4.8447
"LTA",-2.5993,7.4078,10.0071
"LTA4H",-2.53895,4.79685,7.3358
"LTB",-1.8236,6.7502,8.5738
"LTBP2",-3.8575,3.646,7.5035
"LTBP3",-1.99,7.3378,9.3278
"LTBR",-1.53365,2.9558,4.48945
"LTO1",-2.0924,6.9634,9.0558
"LUZP2",-5.2633,7.2713,12.5346
"LXN",-3.52455,5.57255,9.0971
"LY6D",-1.783,4.7208,6.5038
"LY75",-5.0945,2.0274,7.1219
"LY9",-2.20975,3.0214,5.23115
"LY96",-2.7563,4.1465,6.9028
"LYAR",-2.39875,8.0013,10.40005
"LYN",-3.7464,3.4956,7.242
"LYPD1",-1.31915,8.95015,10.2693
"LYPD3",-3.92265,3.76275,7.6854
"LYPD8",-5.6633,10.8941,16.5574
"LYPLA2",-2.2084,9.8946,12.103
"LYSMD3",-4.0138,9.6312,13.645
"LYVE1",-1.4538,1.9424,3.3962
"LYZL2",-1.3916,6.2839,7.6755
"LZTFL1",-2.5774,3.6624,6.2398
"M6PR",-0.884,5.0389,5.9229
"MAD1L1",-1.7894,6.63865,8.42805
"MAEA",-2.3342,7.8849,10.2191
"MAG",-7.2553,5.4123,12.6676
"MAGEA3",-8.74215,8.46675,17.2089
"MAGED1",-2.3517,5.8035,8.1552
"MAMDC2",-2.5575,3.2299,5.7874
"MAMDC4",-2.1896,4.813,7.0026
"MAN1A2",-2.6542,2.1983,4.8525
"MAN2B2",-2.74085,2.4388,5.17965
"MANEAL",-3.8332,5.9631,9.7963
"MANF",-6.6769,3.8387,10.5156
"MANSC1",-3.5517,2.8944,6.4461
"MANSC4",-2.6433,6.1222,8.7655
"MAP1LC3A",-2.1303,3.8058,5.9361
"MAP1LC3B2",-1.3829,9.4745,10.8574
"MAP2",-1.8477,5.7307,7.5784
"MAP2K1",-4.8519,4.6941,9.546
"MAP2K6",-4.8611,3.6328,8.4939
"MAP3K5",-3.72695,7.3194,11.04635
"MAP4K5",-5.01065,4.49545,9.5061
"MAPK13",-3.5815,6.9219,10.5034
"MAPK9",-3.5692,3.2926,6.8618
"MAPKAPK2",-2.7732,6.7332,9.5064
"MAPRE3",-1.9486,9.9176,11.8662
"MAPT",-7.8911,6.3706,14.2617
"MARCO",-2.0794,2.7139,4.7933
"MARS1",-3.0075,4.0884,7.0959
"MASP1",-1.60365,1.5183,3.12195
"MATN2",-1.9967,2.2492,4.2459
"MATN3",-5.1574,4.1099,9.2673
"MAVS",-3.22,4.6714,7.8914
"MAX",-4.49335,4.52235,9.0157
"MB",-3.8583,5.2035,9.0618
"MBL2",-5.1194,2.9446,8.064
"MCAM",-3.1268,4.413,7.5398
"MCEE",-1.7258,7.9115,9.6373
"MCEMP1",-2.8849,7.63515,10.52005
"MCFD2",-1.79555,3.17465,4.9702
"MCTS1",-0.8539,5.7866,6.6405
"MDGA1",-3.9721,3.9844,7.9565
"MDH1",-2.6355,4.9055,7.541
"MDK",-5.1189,6.872,11.9909
"MDM1",-1.4001,4.3419,5.742
"MECR",-3.3221,5.9567,9.2788
"MED18",-3.53135,3.09955,6.6309
"MED21",-1.6742,8.3369,10.0111
"MEGF10",-2.32235,2.36375,4.6861
"MEGF11",-1.4861,5.7571,7.2432
"MEGF9",-1.6426,4.5925,6.2351
"MELTF",-2.46485,4.94745,7.4123
"MENT",-2.10545,2.31085,4.4163
"MEP1A",-3.5003,6.4289,9.9292
"MEP1B",-4.5195,3.6567,8.1762
"MEPE",-2.8108,1.6907,4.5015
"MERTK",-3.4682,2.5338,6.002
"MESD",-4.6446,5.2128,9.8574
"MET",-1.6842,1.20575,2.88995
"METAP1",-1.9591,5.82545,7.78455
"METAP1D",-3.11195,5.6436,8.75555
"METAP2",-4.45295,2.13985,6.5928
"MFAP3",-2.0843,6.79195,8.87625
"MFAP3L",-1.4845,9.3344,10.8189
"MFAP4",-2.0646,1.8186,3.8832
"MFAP5",-3.3496,2.4648,5.8144
"MFGE8",-2.72995,6.0507,8.78065
"MGLL",-4.7822,2.9005,7.6827
"MGMT",-5.94265,3.2937,9.23635
"MIA",-5.2959,3.79585,9.09175
"MICALL2",-2.23465,6.87325,9.1079
"MICB_MICA",-8.8169,2.7703,11.5872
"MIF",-3.69725,2.84175,6.539
"MILR1",-2.5831,4.657,7.2401
"MINDY1",-4.3008,4.6457,8.9465
"MINK1",-4.57565,3.44415,8.0198
"MITD1",-4.4753,4.0209,8.4962
"MKI67",-2.02055,8.76335,10.7839
"MLLT1",-3.2992,7.0292,10.3284
"MLN",-4.70775,3.7485,8.45625
"MME",-2.8047,4.0942,6.8989
"MMP1",-8.8634,2.7297,11.5931
"MMP10",-3.8398,5.3721,9.2119
"MMP12",-2.814,4.5331,7.3471
"MMP13",-2.47915,3.7493,6.22845
"MMP15",-1.2387,7.8362,9.0749
"MMP3",-2.5653,4.9856,7.5509
"MMP7",-4.48375,2.84795,7.3317
"MMP8",-6.4064,8.4358,14.8422
"MMP9",-3.0439,3.79555,6.83945
"MMUT",-1.9746,6.0277,8.0023
"MN1",-2.1455,7.2182,9.3637
"MNAT1",-2.4437,6.0648,8.5085
"MNDA",-3.26215,7.8098,11.07195
"MOCS2",-3.4329,3.9121,7.345
"MOG",-2.0554,2.7465,4.8019
"MORC3",-1.3094,5.0082,6.3176
"MORF4L1",-1.33395,7.31245,8.6464
"MORF4L2",-1.4858,5.0285,6.5143
"MORN4",-3.3739,9.2648,12.6387
"MPHOSPH8",-2.99875,5.63255,8.6313
"MPI",-3.2673,4.4491,7.7164
"MPIG6B",-6.1319,2.4429,8.5748
"MPO",-4.5114,4.5312,9.0426
"MPRIP",-3.4587,8.3089,11.7676
"MRC1",-4.0013,2.9065,6.9078
"MRI1",-3.5797,5.9444,9.5241
"MRPL24",-1.438,7.8335,9.2715
"MRPL28",-1.0931,7.9613,9.0544
"MRPL46",-1.2897,4.7806,6.0703
"MRPL52",-1.143,7.674,8.817
"MRPL58",-1.7538,7.7309,9.4847
"MRPS16",-0.8672,5.1103,5.9775
"MSLN",-2.1254,3.7034,5.8288
"MSLNL",-1.6985,6.392,8.0905
"MSMB",-3.9132,5.37045,9.28365
"MSR1",-6.8932,3.8196,10.7128
"MSRA",-4.8598,3.62445,8.48425
"MST1",-6.9629,2.3797,9.3426
"MSTN",-3.3822,5.7404,9.1226
"MTDH",-3.4115,6.6464,10.0579
"MTHFD2",-1.4959,6.9585,8.4544
"MTHFSD",-4.946,4.8346,9.7806
"MTIF3",-3.2016,5.3561,8.5577
"MTPN",-1.5203,6.5905,8.1108
"MTR",-1.8765,8.532,10.4085
"MTSS1",-4.7166,7.5494,12.266
"MTSS2",-4.1023,6.4184,10.5207
"MTUS1",-2.70715,6.90375,9.6109
"MUC13",-3.3178,5.5006,8.8184
"MUC16",-7.33515,9.98835,17.3235
"MUC2",-3.03835,9.58565,12.624
"MUCL3",-1.30465,6.34865,7.6533
"MVK",-3.14165,5.7474,8.88905
"MXRA8",-3.47685,2.10935,5.5862
"MYBPC1",-2.0125,6.0631,8.0756
"MYBPC2",-1.5434,8.65835,10.20175
"MYCBP2",-1.8615,7.7543,9.6158
"MYDGF",-4.5379,4.4221,8.96
"MYH4",-1.8026,7.3972,9.1998
"MYH7B",-1.8326,5.4194,7.252
"MYH9",-5.0716,4.6658,9.7374
"MYL1",-1.4841,7.537,9.0211
"MYL3",-2.83905,4.34195,7.181
"MYL4",-1.6204,6.3875,8.0079
"MYL6B",-2.9659,9.4207,12.3866
"MYLPF",-1.0722,6.5201,7.5923
"MYO6",-2.3689,6.7994,9.1683
"MYO9B",-2.26635,7.27955,9.5459
"MYOC",-5.5175,5.187,10.7045
"MYOM1",-1.6324,7.1436,8.776
"MYOM2",-1.7656,6.1273,7.8929
"MYOM3",-4.0573,4.735,8.7923
"MZB1",-4.5931,4.1857,8.7788
"MZT1",-1.71295,8.1997,9.91265
"NAA10",-3.9146,6.1248,10.0394
"NAA80",-3.9292,5.1474,9.0766
"NAAA",-4.4951,5.0742,9.5693
"NACC1",-2.78415,6.52425,9.3084
"NADK",-3.119,5.8501,8.9691
"NAGA",-1.7836,7.4218,9.2054
"NAGK",-2.9791,4.0929,7.072
"NAGPA",-2.2142,2.4128,4.627
"NAMPT",-2.0368,6.5902,8.627
"NAP1L4",-5.8498,1.9615,7.8113
"NAPRT",-1.4389,5.9743,7.4132
"NARS1",-2.8823,3.7434,6.6257
"NBL1",-4.2632,2.3433,6.6065
"NBN",-1.7973,6.6988,8.4961
"NCAM1",-2.5188,3.6078,6.1266
"NCAM2",-1.5555,3.4211,4.9766
"NCAN",-3.2461,2.6103,5.8564
"NCF2",-3.70115,6.31345,10.0146
"NCK2",-4.4574,4.483,8.9404
"NCLN",-1.31405,8.70075,10.0148
"NCR1",-3.05125,2.89305,5.9443
"NCR3LG1",-4.2874,4.3312,8.6186
"NCS1",-2.1804,2.6435,4.8239
"NDRG1",-1.95315,8.7956,10.74875
"NDST1",-1.7796,8.8937,10.6733
"NDUFA5",-1.63205,3.246,4.87805
"NDUFB7",-3.2205,4.7219,7.9424
"NDUFS6",-6.37,11.2624,17.6324
"NEB",-1.95875,6.4404,8.39915
"NECAP2",-1.8136,6.9267,8.7403
"NECTIN1",-1.29115,6.0821,7.37325
"NECTIN2",-1.3783,3.1302,4.5085
"NECTIN4",-3.4961,4.8005,8.2966
"NEDD4L",-3.6583,3.0284,6.6867
"NEDD9",-1.3741,4.8604,6.2345
"NEFL",-2.9791,5.1483,8.1274
"NEK7",-1.8585,9.1103,10.9688
"NELL1",-3.7469,3.7151,7.462
"NELL2",-1.8032,2.751,4.5542
"NENF",-1.7432,10.0208,11.764
"NEO1",-3.12355,3.75405,6.8776
"NEXN",-2.1751,8.0157,10.1908
"NFASC",-1.39215,2.138,3.53015
"NFAT5",-2.5949,7.3289,9.9238
"NFATC1",-4.0198,5.4461,9.4659
"NFATC3",-2.2868,8.875,11.1618
"NFE2",-2.9294,4.199,7.1284
"NFIC",-1.0672,8.1304,9.1976
"NFKB1",-3.4412,3.9194,7.3606
"NFKB2",-1.1385,8.3518,9.4903
"NFKBIE",-2.34965,5.34905,7.6987
"NFU1",-4.9202,5.4374,10.3576
"NFX1",-2.1238,8.0259,10.1497
"NFYA",-1.3988,6.2114,7.6102
"NGF",-1.07355,3.0121,4.08565
"NGFR",-1.27035,6.0962,7.36655
"NGRN",-1.1397,4.6209,5.7606
"NHLRC3",-2.038,2.5476,4.5856
"NID1",-2.59005,3.42875,6.0188
"NID2",-2.8263,4.51325,7.33955
"NINJ1",-1.41945,9.01705,10.4365
"NIT1",-5.158,1.67655,6.83455
"NIT2",-8.3242,4.1625,12.4867
"NLGN1",-1.62545,9.58675,11.2122
"NLGN2",-2.03015,6.13145,8.1616
"NME1",-1.71335,2.93475,4.6481
"NME3",-3.2476,3.176,6.4236
"NMI",-4.6514,6.4503,11.1017
"NMNAT1",-3.482,7.9169,11.3989
"NMRK2",-1.53605,7.9041,9.44015
"NMT1",-2.2899,9.7511,12.041
"NOMO1",-1.62455,4.06765,5.6922
"NOP56",-1.9654,10.1379,12.1033
"NOS1",-4.57575,6.858,11.43375
"NOS2",-2.1723,5.3164,7.4887
"NOS3",-2.0249,7.053,9.0779
"NOTCH1",-1.17025,2.06745,3.2377
"NOTCH2",-4.68715,2.33975,7.0269
"NOTCH3",-1.9953,2.5469,4.5422
"NPC2",-4.64055,4.66415,9.3047
"NPDC1",-1.5541,4.0491,5.6032
"NPHS1",-1.79595,6.11025,7.9062
"NPHS2",-1.9537,8.7053,10.659
"NPL",-3.6436,4.4118,8.0554
"NPM1",-3.9705,6.2858,10.2563
"NPPB",-8.4863,7.4599,15.9462
"NPPC",-2.8507,5.1292,7.9799
"NPR1",-1.9102,5.2062,7.1164
"NPTN",-2.8536,9.238,12.0916
"NPTX1",-2.2124,6.7447,8.9571
"NPTX2",-2.6075,3.1208,5.7283
"NPTXR",-1.7322,3.259,4.9912
"NPY",-3.52325,3.3318,6.85505
"NRCAM",-1.75805,3.14245,4.9005
"NRGN",-3.6081,7.751,11.3591
"NRN1",-1.4312,7.957,9.3882
"NRP1",-3.1784,3.1456,6.324
"NRP2",-1.9072,3.955,5.8622
"NRTN",-4.35475,7.76655,12.1213
"NRXN3",-0.9416,5.30545,6.24705
"NSFL1C",-2.9618,4.4545,7.4163
"NT5C",-5.1303,4.691,9.8213
"NT5C1A",-2.0355,6.8018,8.8373
"NT5C3A",-4.6889,3.0297,7.7186
"NT5E",-4.384,4.4301,8.8141
"NTF3",-2.3762,6.1054,8.4816
"NTF4",-1.40565,7.2614,8.66705
"NTproBNP",-4.582,7.54205,12.12405
"NTRK2",-1.3756,3.1617,4.5373
"NTRK3",-1.4963,2.3041,3.8004
"NUB1",-3.0004,6.0187,9.0191
"NUBP1",-7.3218,7.2102,14.532
"NUCB2",-1.9149,2.345,4.2599
"NUDC",-3.7589,2.6689,6.4278
"NUDT10",-1.8503,4.9855,6.8358
"NUDT15",-1.6402,9.58665,11.22685
"NUDT16",-4.5345,5.1802,9.7147
"NUDT2",-2.5298,8.47185,11.00165
"NUDT5",-2.0499,6.8694,8.9193
"NUMB",-3.40705,3.25985,6.6669
"NUP50",-1.89845,6.8829,8.78135
"NXPE4",-1.1232,6.0675,7.1907
"NXPH1",-2.2538,7.8717,10.1255
"NXPH3",-2.69485,2.82715,5.522
"OBP2B",-4.1672,5.72945,9.89665
"OCLN",-1.8238,5.1102,6.934
"ODAM",-2.574,8.5601,11.1341
"OFD1",-1.564,9.3416,10.9056
"OGA",-2.3095,4.2962,6.6057
"OGFR",-2.9625,2.8693,5.8318
"OGN",-2.4615,3.46135,5.92285
"OGT",-2.2826,7.9037,10.1863
"OLFM4",-5.6512,8.5781,14.2293
"OLR1",-3.1748,5.7882,8.963
"OMD",-3.28025,2.4255,5.70575
"OMG",-4.37645,3.40385,7.7803
"OMP",-1.7565,6.7109,8.4674
"OPHN1",-3.8771,4.7371,8.6142
"OPLAH",-2.3246,3.8571,6.1817
"OPTC",-3.9511,7.3712,11.3223
"ORM1",-1.0243,2.3439,3.3682
"OSBPL2",-1.0875,8.0829,9.1704
"OSCAR",-2.3664,1.9971,4.3635
"OSM",-3.22015,4.29625,7.5164
"OSMR",-2.0375,2.6738,4.7113
"OSTN",-1.2283,9.5664,10.7947
"OTOA",-2.36105,8.82795,11.189
"OTUD6B",-2.0528,4.9109,6.9637
"OTUD7B",-2.32955,3.09695,5.4265
"OXCT1",-3.6325,4.3463,7.9788
"OXT",-4.35265,6.16835,10.521
"P4HB",-4.5467,2.7314,7.2781
"PACS2",-2.3053,4.2669,6.5722
"PADI2",-1.86165,10.14755,12.0092
"PADI4",-2.9018,7.1965,10.0983
"PAEP",-2.20355,7.4566,9.66015
"PAFAH1B3",-1.9396,8.2281,10.1677
"PAFAH2",-2.3557,6.2096,8.5653
"PAG1",-2.36905,4.82385,7.1929
"PAGR1",-1.6506,5.5824,7.233
"PAIP2B",-2.8473,7.36145,10.20875
"PAK4",-2.0805,6.4538,8.5343
"PALLD",-2.0666,7.0646,9.1312
"PALM",-5.69335,4.24885,9.9422
"PALM2",-2.1765,4.2984,6.4749
"PALM3",-1.7818,7.8724,9.6542
"PAM",-4.08585,2.83535,6.9212
"PAMR1",-1.7669,2.5521,4.319
"PAPPA",-3.3099,5.0461,8.356
"PARD3",-7.2457,9.1815,16.4272
"PARK7",-2.2675,4.1996,6.4671
"PARP1",-1.67565,7.1395,8.81515
"PAXX",-5.67605,3.8828,9.55885
"PBK",-2.1208,4.2324,6.3532
"PBLD",-2.123,5.3784,7.5014
"PBXIP1",-2.4566,5.1399,7.5965
"PCARE",-2.0656,11.1635,13.2291
"PCBD1",-1.9685,4.3126,6.2811
"PCBP2",-3.441,3.6263,7.0673
"PCDH1",-0.8412,3.5796,4.4208
"PCDH12",-2.44585,5.1247,7.57055
"PCDH17",-1.6347,5.284,6.9187
"PCDH7",-3.13785,5.96545,9.1033
"PCDH9",-5.18305,3.42575,8.6088
"PCDHB15",-2.70545,5.6589,8.36435
"PCNA",-1.2269,10.2133,11.4402
"PCOLCE",-2.91335,2.91705,5.8304
"PCSK7",-2.749,6.9924,9.7414
"PCSK9",-3.3853,2.7585,6.1438
"PCYT2",-4.7503,5.1609,9.9112
"PDAP1",-3.9723,5.4719,9.4442
"PDCD1",-1.82025,5.89195,7.7122
"PDCD1LG2",-1.5816,3.9742,5.5558
"PDCD5",-2.4595,4.8289,7.2884
"PDCD6",-5.647,2.4052,8.0522
"PDCL2",-1.7564,7.2526,9.009
"PDE1C",-1.3921,8.8517,10.2438
"PDE4D",-1.2051,8.4063,9.6114
"PDE5A",-4.63205,3.64785,8.2799
"PDGFA",-3.9527,3.8274,7.7801
"PDGFB",-5.6702,3.4504,9.1206
"PDGFC",-1.9155,5.5882,7.5037
"PDGFRA",-1.3994,3.2623,4.6617
"PDGFRB",-1.4439,2.4106,3.8545
"PDIA2",-2.0811,6.3869,8.468
"PDIA3",-1.4293,7.0735,8.5028
"PDIA4",-2.4282,5.0192,7.4474
"PDIA5",-2.5442,8.7736,11.3178
"PDLIM5",-4.8655,3.5941,8.4596
"PDLIM7",-4.55325,5.42085,9.9741
"PDP1",-1.71615,11.0771,12.79325
"PDRG1",-1.71705,9.64025,11.3573
"PDXDC1",-1.5813,10.1075,11.6888
"PDZD2",-1.6439,7.3428,8.9867
"PDZK1",-1.5822,5.1337,6.7159
"PEAR1",-2.67345,1.78085,4.4543
"PEBP1",-2.53665,5.12315,7.6598
"PECAM1",-1.21695,3.04085,4.2578
"PECR",-1.9534,5.5067,7.4601
"PENK",-1.8186,5.2255,7.0441
"PEPD",-3.02355,2.58825,5.6118
"PER3",-3.9153,6.763,10.6783
"PF4",-4.6776,6.5081,11.1857
"PFDN2",-7.54415,7.7012,15.24535
"PFDN4",-2.7286,7.9802,10.7088
"PFDN6",-2.6639,8.9096,11.5735
"PFKFB2",-6.17045,5.215,11.38545
"PGA4",-6.3668,4.3136,10.6804
"PGD",-2.264,5.4539,7.7179
"PGF",-1.5459,5.76605,7.31195
"PGLYRP1",-4.01645,4.22975,8.2462
"PGLYRP2",-1.8959,3.3557,5.2516
"PGLYRP4",-2.0185,8.0338,10.0523
"PGM2",-1.5653,8.8951,10.4604
"PGR",-1.5251,9.6513,11.1764
"PHACTR2",-4.47335,5.06715,9.5405
"PHLDB1",-8.9008,5.016,13.9168
"PHLDB2",-4.0501,9.8133,13.8634
"PHOSPHO1",-4.1314,5.0844,9.2158
"PHYKPL",-4.8568,3.4392,8.296
"PI16",-1.7378,1.4165,3.1543
"PI3",-2.1915,5.5808,7.7723
"PIBF1",-2.6257,7.7582,10.3839
"PIGR",-2.02355,3.79775,5.8213
"PIK3AP1",-2.8727,4.68995,7.56265
"PIK3IP1",-1.585,2.90865,4.49365
"PIKFYVE",-1.59395,8.12035,9.7143
"PILRA",-3.86465,3.7194,7.58405
"PILRB",-2.6866,3.0075,5.6941
"PINLYP",-5.59095,5.3783,10.96925
"PITHD1",-2.4224,8.63445,11.05685
"PKD1",-2.9822,2.1241,5.1063
"PKD2",-1.79455,6.2324,8.02695
"PKLR",-3.7423,4.1476,7.8899
"PKN3",-3.7862,8.2651,12.0513
"PLA2G10",-7.0167,3.4784,10.4951
"PLA2G15",-4.1091,2.3683,6.4774
"PLA2G1B",-4.74035,4.3856,9.12595
"PLA2G2A",-2.7388,7.4729,10.2117
"PLA2G4A",-3.3994,3.8656,7.265
"PLA2G7",-6.0441,1.6913,7.7354
"PLAT",-3.3585,4.7718,8.1303
"PLAU",-2.2189,7.5976,9.8165
"PLAUR",-1.79635,2.21185,4.0082
"PLB1",-3.3728,3.1249,6.4977
"PLCB1",-1.9142,6.3552,8.2694
"PLCB2",-4.5192,4.3919,8.9111
"PLEKHO1",-2.6135,4.1645,6.778
"PLG",-1.8295,3.6364,5.4659
"PLIN1",-1.3505,5.8304,7.1809
"PLIN3",-1.70055,3.29895,4.9995
"PLPBP",-3.63615,4.26455,7.9007
"PLSCR3",-2.3342,3.7088,6.043
"PLTP",-2.69185,1.76915,4.461
"PLXDC1",-1.426,8.1607,9.5867
"PLXDC2",-2.8146,4.7637,7.5783
"PLXNA4",-4.0163,3.22825,7.24455
"PLXNB2",-1.1363,2.205,3.3413
"PLXNB3",-3.7974,3.0368,6.8342
"PM20D1",-7.1783,3.5646,10.7429
"PMCH",-1.0974,11.3885,12.4859
"PMM2",-2.5165,4.0282,6.5447
"PMS1",-2.5278,5.8694,8.3972
"PMVK",-7.21265,2.43865,9.6513
"PNLIP",-4.6636,5.197,9.8606
"PNLIPRP1",-5.72635,5.4572,11.18355
"PNLIPRP2",-9.66045,5.38595,15.0464
"PNMA1",-2.0524,6.2907,8.3431
"PNMA2",-2.7664,6.1974,8.9638
"PNPT1",-2.853,8.84555,11.69855
"PODXL",-0.8592,1.5616,2.4208
"PODXL2",-3.5675,2.6959,6.2634
"POF1B",-1.86205,6.71915,8.5812
"POLR2A",-1.32475,5.21995,6.5447
"POLR2F",-1.24285,4.93885,6.1817
"POMC",-4.0115,7.5235,11.535
"PON1",-4.4385,1.0062,5.4447
"PON2",-1.9628,3.31825,5.28105
"PON3",-8.0168,1.3616,9.3784
"POSTN",-2.6066,4.6569,7.2635
"PPBP",-4.7466,6.2006,10.9472
"PPCDC",-6.0629,4.1775,10.2404
"PPIB",-4.4422,3.6775,8.1197
"PPIE",-1.562,8.17,9.732
"PPIF",-2.512,7.2385,9.7505
"PPL",-1.6105,5.304,6.9145
"PPM1A",-1.3123,4.9814,6.2937
"PPM1B",-1.46915,7.7981,9.26725
"PPM1F",-2.0395,4.5945,6.634
"PPME1",-3.39345,3.35925,6.7527
"PPP1CC",-2.8975,5.7887,8.6862
"PPP1R12A",-4.80555,5.47155,10.2771
"PPP1R12B",-3.0137,8.8691,11.8828
"PPP1R14A",-2.99005,10.19905,13.1891
"PPP1R14D",-1.4683,5.2897,6.758
"PPP1R2",-3.1708,4.74385,7.91465
"PPP1R9B",-4.26,4.1764,8.4364
"PPP2R5A",-4.1781,7.7587,11.9368
"PPP3R1",-2.8941,2.80695,5.70105
"PPT1",-1.25575,8.92105,10.1768
"PPY",-4.97015,5.2822,10.25235
"PQBP1",-6.1154,6.8981,13.0135
"PRAME",-2.3155,4.5572,6.8727
"PRAP1",-3.5311,2.1249,5.656
"PRC1",-1.1052,9.2332,10.3384
"PRCP",-3.05915,4.86435,7.9235
"PRDX1",-3.6733,6.4823,10.1556
"PRDX2",-2.7081,4.3172,7.0253
"PRDX3",-3.2585,6.3731,9.6316
"PRDX5",-4.37565,3.08375,7.4594
"PRDX6",-2.7446,5.88925,8.63385
"PREB",-1.74825,7.16005,8.9083
"PRELP",-4.2615,3.2039,7.4654
"PRG2",-3.9036,3.944,7.8476
"PRG3",-4.334,3.497,7.831
"PRKAB1",-1.78565,6.06135,7.847
"PRKAG3",-1.3153,4.7439,6.0592
"PRKAR1A",-4.15245,4.09005,8.2425
"PRKAR2A",-3.70175,4.67195,8.3737
"PRKCQ",-1.73965,6.34225,8.0819
"PRKD2",-1.3927,7.8103,9.203
"PRKG1",-5.5263,5.7316,11.2579
"PRKRA",-3.3235,5.8817,9.2052
"PRL",-6.2031,5.1494,11.3525
"PRND",-2.4227,4.3741,6.7968
"PROC",-2.4326,2.2706,4.7032
"PROCR",-1.95535,6.7957,8.75105
"PROK1",-3.0137,5.4377,8.4514
"PROS1",-1.8647,3.7015,5.5662
"PRR4",-2.0975,4.7962,6.8937
"PRR5",-2.1073,6.5713,8.6786
"PRRT3",-2.2814,3.5997,5.8811
"PRSS2",-4.06135,5.88095,9.9423
"PRSS22",-2.5096,6.8537,9.3633
"PRSS27",-1.95875,2.87555,4.8343
"PRSS53",-2.791,3.9876,6.7786
"PRSS8",-1.92725,3.30125,5.2285
"PRTFDC1",-5.81765,3.19845,9.0161
"PRTG",-4.8188,5.3702,10.189
"PRTN3",-2.5202,5.84045,8.36065
"PRUNE2",-1.2209,6.1691,7.39
"PSAP",-3.4724,4.4325,7.9049
"PSAPL1",-4.1705,5.4345,9.605
"PSCA",-7.60495,4.62145,12.2264
"PSG1",-5.9413,6.8122,12.7535
"PSIP1",-2.4859,6.5829,9.0688
"PSMA1",-2.3832,6.02245,8.40565
"PSMC3",-1.3288,4.6717,6.0005
"PSMD1",-3.0201,6.8418,9.8619
"PSMD5",-1.6861,8.128,9.8141
"PSMD9",-2.40975,6.83865,9.2484
"PSME1",-1.77895,2.70425,4.4832
"PSME2",-2.0086,3.139,5.1476
"PSMG3",-3.2926,3.5879,6.8805
"PSMG4",-1.808,6.9483,8.7563
"PSPN",-4.1635,7.71,11.8735
"PSRC1",-1.9091,6.3778,8.2869
"PSTPIP2",-5.52675,3.652,9.17875
"PTEN",-1.62835,3.73635,5.3647
"PTGDS",-2.6019,3.288,5.8899
"PTGES2",-2.279,4.5352,6.8142
"PTGR1",-4.45655,4.50215,8.9587
"PTH",-4.0605,7.2639,11.3244
"PTH1R",-1.813,7.416,9.229
"PTK7",-4.9626,6.8297,11.7923
"PTN",-3.7547,6.4841,10.2388
"PTP4A3",-1.8451,5.9104,7.7555
"PTPN1",-2.55455,6.69795,9.2525
"PTPN6",-5.1014,3.2247,8.3261
"PTPN9",-1.6346,7.2147,8.8493
"PTPRB",-3.1089,4.098,7.2069
"PTPRC",-1.5705,3.5819,5.1524
"PTPRF",-1.8491,2.2784,4.1275
"PTPRH",-2.7326,5.664,8.3966
"PTPRK",-1.3192,4.0819,5.4011
"PTPRM",-1.421,2.3789,3.7999
"PTPRN2",-1.81355,5.11405,6.9276
"PTPRR",-3.7211,4.1624,7.8835
"PTPRS",-1.3736,2.4718,3.8454
"PTPRZ1",-2.8929,3.5492,6.4421
"PTRHD1",-2.81915,3.31695,6.1361
"PTS",-5.15285,6.4674,11.62025
"PTTG1",-3.3619,7.4259,10.7878
"PTX3",-5.44545,2.00655,7.452
"PVALB",-6.28685,3.115,9.40185
"PVR",-2.972,3.34325,6.31525
"PXDNL",-2.3263,9.8463,12.1726
"PXN",-2.1091,5.96,8.0691
"PYDC1",-1.6077,6.8155,8.4232
"PYY",-2.85185,6.2435,9.09535
"PZP",-2.07915,5.63485,7.714
"QDPR",-2.30175,3.31545,5.6172
"QPCT",-6.6807,3.3074,9.9881
"QSOX1",-1.8124,7.2531,9.0655
"RAB10",-2.1967,3.8507,6.0474
"RAB11FIP3",-4.5955,4.3489,8.9444
"RAB27B",-4.911,2.4257,7.3367
"RAB2B",-2.1687,7.1859,9.3546
"RAB33A",-2.1891,8.6835,10.8726
"RAB37",-2.4784,7.83745,10.31585
"RAB39B",-1.378,11.1997,12.5777
"RAB3GAP1",-2.0168,9.6075,11.6243
"RAB44",-1.6114,6.798,8.4094
"RAB6A",-3.2605,5.84065,9.10115
"RAB6B",-5.42305,7.63815,13.0612
"RABEP1",-3.51545,4.1615,7.67695
"RABEPK",-2.03465,6.63335,8.668
"RABGAP1L",-2.3903,5.4671,7.8574
"RAC3",-1.3881,8.8811,10.2692
"RAD23B",-1.80875,7.2998,9.10855
"RAD51",-1.8622,11.2363,13.0985
"RALB",-1.5978,4.7834,6.3812
"RALY",-1.9085,7.2649,9.1734
"RANBP1",-2.72065,4.03595,6.7566
"RANBP2",-2.20185,4.42535,6.6272
"RANGAP1",-3.1932,7.8481,11.0413
"RAP1A",-1.9536,9.7782,11.7318
"RAPGEF2",-1.796,5.4221,7.2181
"RARRES1",-1.4046,6.7779,8.1825
"RARRES2",-2.87505,6.16545,9.0405
"RASA1",-2.9648,6.5697,9.5345
"RASGRF1",-5.6181,4.6802,10.2983
"RASSF2",-2.3549,7.9355,10.2904
"RBFOX3",-3.3167,6.27085,9.58755
"RBKS",-7.8497,3.2015,11.0512
"RBM17",-2.842,6.3777,9.2197
"RBM19",-1.8879,9.0002,10.8881
"RBM25",-3.76575,6.98035,10.7461
"RBP1",-1.4591,8.2555,9.7146
"RBP2",-3.2293,6.8486,10.0779
"RBP5",-2.5404,5.039,7.5794
"RBP7",-5.3795,4.8332,10.2127
"RBPMS",-1.3526,8.2811,9.6337
"RBPMS2",-4.0754,5.4055,9.4809
"RCC1",-1.136,7.7069,8.8429
"RCOR1",-1.02765,8.3152,9.34285
"RECK",-2.17385,2.27515,4.449
"REEP4",-1.64645,5.24775,6.8942
"REG1A",-2.0663,4.661,6.7273
"REG1B",-1.855,4.69845,6.55345
"REG3A",-2.4239,4.5762,7.0001
"REG3G",-1.8978,5.3443,7.2421
"REG4",-6.5971,3.45405,10.05115
"RELB",-1.7847,10.3995,12.1842
"RELT",-1.3627,3.7632,5.1259
"REN",-3.3079,5.7529,9.0608
"REPS1",-2.3861,4.9686,7.3547
"REST",-1.8629,7.5648,9.4277
"RET",-2.7441,2.46085,5.20495
"RETN",-3.12095,6.70705,9.828
"REXO2",-1.1491,7.8931,9.0422
"RFC4",-1.1262,3.9851,5.1113
"RGCC",-2.7743,6.0456,8.8199
"RGL2",-3.03995,7.89565,10.9356
"RGMA",-2.3755,2.273,4.6485
"RGMB",-1.5337,2.5859,4.1196
"RGS10",-1.8824,7.3794,9.2618
"RGS8",-1.8562,7.8341,9.6903
"RHOC",-6.6176,3.4682,10.0858
"RICTOR",-1.6015,8.3753,9.9768
"RIDA",-2.01065,4.94235,6.953
"RILP",-4.8534,3.65985,8.51325
"RILPL2",-4.1526,3.4489,7.6015
"RIPK4",-1.6969,7.6317,9.3286
"RLN1",-1.6942,8.8969,10.5911
"RLN2",-2.5828,12.2904,14.8732
"RNASE1",-1.3256,4.90065,6.22625
"RNASE10",-1.8219,6.5085,8.3304
"RNASE3",-5.2664,10.3879,15.6543
"RNASE4",-6.7925,3.6013,10.3938
"RNASE6",-3.1898,6.0026,9.1924
"RNASEH2A",-1.2632,6.8216,8.0848
"RNASET2",-1.5927,4.0807,5.6734
"RNF149",-1.5874,5.4227,7.0101
"RNF168",-1.6221,6.1248,7.7469
"RNF31",-1.1928,6.5778,7.7706
"RNF4",-7.193,7.4671,14.6601
"RNF41",-3.69495,5.3387,9.03365
"RNF43",-1.3288,7.9923,9.3211
"RNF5",-3.226,5.1632,8.3892
"ROBO1",-1.7154,3.2969,5.0123
"ROBO2",-1.67675,2.52415,4.2009
"ROBO4",-1.0213,1.5972,2.6185
"ROR1",-1.8966,1.98695,3.88355
"RP2",-1.73385,4.82485,6.5587
"RPA2",-1.4892,6.13325,7.62245
"RPE",-2.6785,5.8016,8.4801
"RPGR",-1.7981,6.0726,7.8707
"RPL14",-1.911,6.698,8.609
"RPS10",-2.20065,5.79685,7.9975
"RRAS",-3.5948,7.3345,10.9293
"RRM2",-2.1782,8.4321,10.6103
"RRM2B",-3.2149,5.3019,8.5168
"RRP15",-8.0213,11.757,19.7783
"RSPO1",-3.0427,5.54485,8.58755
"RSPO3",-1.53605,3.92085,5.4569
"RTBDN",-1.6435,6.7885,8.432
"RTKN2",-1.491,7.6638,9.1548
"RTN4IP1",-4.0854,5.6632,9.7486
"RTN4R",-1.9279,6.7425,8.6704
"RUVBL1",-2.5174,8.4693,10.9867
"RWDD1",-3.2777,3.9692,7.2469
"RYR1",-1.41785,6.8864,8.30425
"S100A11",-1.7014,4.9429,6.6443
"S100A12",-3.76235,4.88065,8.643
"S100A13",-2.29255,5.0107,7.30325
"S100A14",-1.7046,5.9776,7.6822
"S100A16",-6.985,8.8071,15.7921
"S100A3",-1.2734,7.5486,8.822
"S100A4",-4.3548,2.41635,6.77115
"S100G",-1.4527,4.8006,6.2533
"S100P",-2.1171,6.4018,8.5189
"SAA4",-0.87685,6.0796,6.95645
"SAFB2",-1.5848,5.0866,6.6714
"SAG",-7.9302,8.0427,15.9729
"SAMD9L",-4.0102,4.8494,8.8596
"SAP18",-7.3252,8.6203,15.9455
"SARG",-5.2741,3.9614,9.2355
"SART1",-1.8091,7.2355,9.0446
"SAT1",-1.56795,7.0451,8.61305
"SAT2",-2.1714,9.1386,11.31
"SATB1",-1.1544,4.4818,5.6362
"SBSN",-2.3421,2.8873,5.2294
"SCAMP3",-3.025,4.1798,7.2048
"SCARA5",-2.4032,3.05,5.4532
"SCARB1",-2.0439,8.3173,10.3612
"SCARB2",-1.9685,3.989,5.9575
"SCARF1",-1.8814,3.1056,4.987
"SCARF2",-4.8546,2.9213,7.7759
"SCG2",-1.68905,2.36615,4.0552
"SCG3",-2.04575,2.45735,4.5031
"SCGB1A1",-6.399,2.6317,9.0307
"SCGB2A2",-1.5062,5.1921,6.6983
"SCGB3A1",-1.8991,2.0833,3.9824
"SCGB3A2",-3.4555,7.3971,10.8526
"SCGN",-1.76895,5.52515,7.2941
"SCIN",-3.5868,7.21465,10.80145
"SCLY",-6.47955,3.23375,9.7133
"SCN2A",-1.7611,6.8081,8.5692
"SCN2B",-1.23385,5.28545,6.5193
"SCN3A",-1.6536,6.40375,8.05735
"SCN3B",-1.6829,8.3424,10.0253
"SCN4B",-2.0065,4.1242,6.1307
"SCP2",-2.46805,8.0772,10.54525
"SCPEP1",-2.0598,3.1811,5.2409
"SCRG1",-2.53285,5.01365,7.5465
"SCRIB",-1.796,7.2798,9.0758
"SCRN1",-2.38865,6.09015,8.4788
"SCT",-2.20385,5.23905,7.4429
"SDC1",-2.0397,5.8401,7.8798
"SDC4",-3.6788,2.3779,6.0567
"SDCCAG8",-4.6024,4.8541,9.4565
"SDHB",-1.6588,7.3909,9.0497
"SDK2",-3.31725,5.5006,8.81785
"SEC31A",-3.4591,2.3479,5.807
"SEL1L",-0.9899,7.5067,8.4966
"SELE",-2.6533,2.9448,5.5981
"SELENOP",-1.76035,3.46015,5.2205
"SELL",-1.5894,3.79845,5.38785
"SELP",-3.85655,4.02415,7.8807
"SELPLG",-4.1102,5.4022,9.5124
"SEMA3F",-1.457,2.1813,3.6383
"SEMA3G",-1.8173,3.8873,5.7046
"SEMA4C",-1.5217,6.3148,7.8365
"SEMA4D",-2.6442,1.7405,4.3847
"SEMA6C",-1.9268,4.4756,6.4024
"SEMA7A",-1.36135,4.18485,5.5462
"SEPTIN3",-2.8624,7.1205,9.9829
"SEPTIN7",-2.9751,9.1793,12.1544
"SEPTIN8",-2.7885,5.6738,8.4623
"SEPTIN9",-1.4278,3.93595,5.36375
"SERPINA1",-1.0853,2.052,3.1373
"SERPINA11",-2.7547,2.67,5.4247
"SERPINA12",-3.247,8.3312,11.5782
"SERPINA3",-1.0883,3.2191,4.3074
"SERPINA4",-1.6082,2.4533,4.0615
"SERPINA5",-2.0154,6.7779,8.7933
"SERPINA6",-1.5691,1.782,3.3511
"SERPINA7",-1.2361,2.89765,4.13375
"SERPINA9",-5.4748,6.71025,12.18505
"SERPINB1",-3.2127,6.52665,9.73935
"SERPINB5",-7.8041,5.5943,13.3984
"SERPINB6",-2.344,3.4194,5.7634
"SERPINB8",-4.6971,6.2935,10.9906
"SERPINB9",-1.9328,4.4471,6.3799
"SERPINC1",-1.6111,1.7933,3.4044
"SERPIND1",-1.7861,2.3871,4.1732
"SERPINE1",-3.9373,2.5348,6.4721
"SERPINE2",-2.1768,4.5249,6.7017
"SERPINF1",-1.6919,2.8983,4.5902
"SERPINF2",-1.548,1.4696,3.0176
"SERPING1",-1.6261,1.8055,3.4316
"SERPINH1",-5.12205,6.54875,11.6708
"SERPINI1",-1.9429,2.7947,4.7376
"SERPINI2",-2.06155,4.85855,6.9201
"SESTD1",-2.523,7.114,9.637
"SETMAR",-5.15075,4.33535,9.4861
"SEZ6",-2.6986,4.5825,7.2811
"SEZ6L",-3.7758,3.084,6.8598
"SEZ6L2",-1.8158,3.0532,4.869
"SF3B4",-3.9839,7.56785,11.55175
"SFRP1",-3.1727,6.1192,9.2919
"SFRP4",-2.82455,2.67725,5.5018
"SFTPA1",-2.0739,8.25545,10.32935
"SFTPA2",-1.9102,5.9992,7.9094
"SFTPD",-3.4593,3.7502,7.2095
"SGSH",-2.7279,7.3791,10.107
"SH2B3",-4.5491,5.3738,9.9229
"SH2D1A",-2.1999,6.2109,8.4108
"SH3BGRL2",-1.3563,8.7546,10.1109
"SH3BP1",-1.2509,6.0682,7.3191
"SH3GL3",-8.78695,6.21355,15.0005
"SH3GLB2",-4.65675,4.09815,8.7549
"SHBG",-5.52155,2.76155,8.2831
"SHC1",-6.5793,10.2944,16.8737
"SHD",-1.5677,11.0163,12.584
"SHH",-3.2747,7.6292,10.9039
"SHISA5",-2.031,5.3396,7.3706
"SHMT1",-4.4316,4.5551,8.9867
"SHPK",-1.3934,5.9987,7.3921
"SIAE",-2.6245,3.3839,6.0084
"SIGLEC1",-6.1239,4.2474,10.3713
"SIGLEC10",-2.6978,5.1358,7.8336
"SIGLEC15",-2.323,7.87935,10.20235
"SIGLEC5",-7.71345,4.88175,12.5952
"SIGLEC6",-4.0848,4.83895,8.92375
"SIGLEC7",-4.76715,3.21145,7.9786
"SIGLEC8",-2.3805,3.3527,5.7332
"SIGLEC9",-1.9311,2.22895,4.16005
"SIL1",-1.09105,5.26505,6.3561
"SIRPA",-2.4794,1.75765,4.23705
"SIRPB1",-3.8021,3.5842,7.3863
"SIRT1",-2.2179,9.1281,11.346
"SIRT2",-4.25885,4.1739,8.43275
"SIRT5",-1.85475,6.76035,8.6151
"SIT1",-2.3713,4.1417,6.513
"SKAP1",-4.131,4.9757,9.1067
"SKAP2",-4.8718,5.1097,9.9815
"SKIV2L",-1.2756,5.6087,6.8843
"SLA2",-4.04185,7.08035,11.1222
"SLAMF1",-7.73455,7.06955,14.8041
"SLAMF6",-2.12415,5.28885,7.413
"SLAMF7",-2.8972,4.7607,7.6579
"SLAMF8",-3.2474,5.4478,8.6952
"SLC12A2",-1.92285,8.38365,10.3065
"SLC13A1",-1.3526,9.6904,11.043
"SLC16A1",-1.97155,7.6517,9.62325
"SLC1A4",-2.0412,6.4836,8.5248
"SLC27A4",-7.0906,7.54695,14.63755
"SLC28A1",-2.0251,7.7724,9.7975
"SLC34A3",-2.00585,9.22175,11.2276
"SLC39A14",-1.72675,6.4334,8.16015
"SLC39A5",-3.2117,10.1323,13.344
"SLC44A4",-1.51635,8.54515,10.0615
"SLC4A1",-2.6456,2.911,5.5566
"SLC51B",-2.168,7.349,9.517
"SLC9A3R1",-3.1924,4.3004,7.4928
"SLC9A3R2",-1.42,9.3012,10.7212
"SLIRP",-1.64885,8.195,9.84385
"SLIT2",-4.3207,7.6269,11.9476
"SLITRK1",-2.2987,3.7453,6.044
"SLITRK2",-6.0326,3.6065,9.6391
"SLITRK6",-1.8586,4.6275,6.4861
"SLK",-1.6686,8.4079,10.0765
"SLMAP",-3.3609,4.5744,7.9353
"SLURP1",-1.7763,5.4433,7.2196
"SMAD1",-2.9253,5.2745,8.1998
"SMAD2",-2.3819,5.3758,7.7577
"SMAD3",-2.5623,4.2426,6.8049
"SMAD5",-2.7127,2.70295,5.41565
"SMARCA2",-3.31085,7.7952,11.10605
"SMC3",-2.38795,8.94215,11.3301
"SMNDC1",-3.54005,6.89405,10.4341
"SMOC1",-2.4692,3.9408,6.41
"SMOC2",-2.8246,4.4086,7.2332
"SMPD1",-2.99155,3.85455,6.8461
"SMPD3",-1.3044,7.3556,8.66
"SMPDL3A",-3.6783,2.7072,6.3855
"SMPDL3B",-1.93105,8.09635,10.0274
"SMS",-1.6728,8.0292,9.702
"SMTN",-2.9215,6.2791,9.2006
"SNAP23",-5.5979,2.65505,8.25295
"SNAP25",-2.53995,5.64595,8.1859
"SNAP29",-6.4571,4.7049,11.162
"SNAPIN",-2.32955,4.0442,6.37375
"SNCA",-5.0311,4.89125,9.92235
"SNCG",-3.1753,4.8959,8.0712
"SNED1",-1.4475,5.2442,6.6917
"SNRPB2",-1.65575,6.72155,8.3773
"SNU13",-1.4666,7.3327,8.7993
"SNX15",-2.3419,5.8212,8.1631
"SNX18",-1.8275,4.8078,6.6353
"SNX2",-2.4583,6.7004,9.1587
"SNX5",-0.8711,3.4629,4.334
"SNX9",-2.56395,4.60455,7.1685
"SOD1",-2.4351,3.9049,6.34
"SOD2",-1.9483,3.96755,5.91585
"SOD3",-5.15615,4.96435,10.1205
"SORBS1",-1.10605,7.35675,8.4628
"SORCS2",-2.6431,4.05025,6.69335
"SORD",-7.088,3.3496,10.4376
"SORT1",-1.77035,2.8219,4.59225
"SOST",-1.96315,3.46085,5.424
"SOWAHA",-1.29885,8.38995,9.6888
"SOX2",-1.2972,3.79125,5.08845
"SOX9",-1.5312,2.9905,4.5217
"SPACA5_SPACA5B",-1.64325,5.33325,6.9765
"SPAG1",-2.1544,9.286,11.4404
"SPARC",-4.6336,2.3287,6.9623
"SPARCL1",-2.9254,4.9463,7.8717
"SPART",-2.7214,4.658,7.3794
"SPESP1",-1.346,2.7006,4.0466
"SPINK1",-2.7445,4.3245,7.069
"SPINK2",-2.8658,4.7497,7.6155
"SPINK4",-2.3211,6.5812,8.9023
"SPINK5",-1.6344,3.1653,4.7997
"SPINK6",-3.01555,2.61345,5.629
"SPINK8",-1.7224,7.4526,9.175
"SPINT1",-1.46805,4.0448,5.51285
"SPINT2",-3.5714,3.33685,6.90825
"SPINT3",-6.26565,9.79035,16.056
"SPOCK1",-1.4976,2.6155,4.1131
"SPON1",-2.15785,5.37175,7.5296
"SPON2",-2.03065,2.4744,4.50505
"SPP1",-4.04445,4.2523,8.29675
"SPRED2",-1.6711,6.2924,7.9635
"SPRING1",-1.6548,6.5493,8.2041
"SPRR1B",-3.1989,11.176,14.3749
"SPRR3",-5.95935,5.51805,11.4774
"SPRY2",-3.4931,9.1632,12.6563
"SPTBN2",-1.9624,4.9949,6.9573
"SPTLC1",-1.326,7.5224,8.8484
"SRC",-7.4409,4.9793,12.4202
"SRP14",-4.6585,4.5722,9.2307
"SRPK2",-2.42145,6.11425,8.5357
"SRPX",-2.11065,4.00565,6.1163
"SSB",-2.12695,11.87245,13.9994
"SSBP1",-1.51165,5.98585,7.4975
"SSC4D",-4.9102,6.5439,11.4541
"SSC5D",-3.6393,3.2893,6.9286
"SSH3",-1.2733,5.0546,6.3279
"SSNA1",-2.70145,5.47835,8.1798
"ST13",-2.74855,2.82235,5.5709
"ST3GAL1",-1.511,5.5649,7.0759
"ST6GAL1",-1.76185,5.40795,7.1698
"ST8SIA1",-1.8598,8.9944,10.8542
"STAB2",-4.8191,3.9344,8.7535
"STAM",-1.3868,5.0511,6.4379
"STAMBP",-3.22645,2.973,6.19945
"STAT2",-2.6573,4.0528,6.7101
"STAT5B",-6.6556,5.2768,11.9324
"STAU1",-1.6183,7.0367,8.655
"STC1",-2.06165,4.4683,6.52995
"STC2",-3.5286,3.134,6.6626
"STEAP4",-1.8499,9.97705,11.82695
"STIP1",-2.90385,6.20465,9.1085
"STK11",-4.017,5.0282,9.0452
"STK24",-2.90715,4.97505,7.8822
"STK4",-3.755,4.0682,7.8232
"STOML2",-7.7437,10.8801,18.6238
"STX16",-2.5362,9.4708,12.007
"STX1B",-1.2734,7.432,8.7054
"STX3",-1.2972,5.3621,6.6593
"STX4",-1.6729,6.6731,8.346
"STX5",-1.2936,8.7681,10.0617
"STX6",-2.23385,8.2856,10.51945
"STX7",-2.9622,3.1392,6.1014
"STX8",-1.8485,5.28735,7.13585
"STXBP1",-3.7176,4.358,8.0756
"STXBP3",-1.74815,7.02825,8.7764
"SUGP1",-1.499,3.8713,5.3703
"SUGT1",-4.4717,3.5995,8.0712
"SULT1A1",-6.27895,4.31325,10.5922
"SULT2A1",-1.7018,6.7367,8.4385
"SUMF1",-1.3546,9.474,10.8286
"SUMF2",-4.94585,2.57225,7.5181
"SUOX",-2.0934,4.3836,6.477
"SUSD1",-2.5603,4.90135,7.46165
"SUSD2",-2.1989,4.2644,6.4633
"SUSD4",-2.017,6.5262,8.5432
"SUSD5",-2.2768,2.4262,4.703
"SV2A",-2.2743,7.887,10.1613
"SWAP70",-1.9556,7.6819,9.6375
"SYAP1",-2.4468,3.7258,6.1726
"SYNGAP1",-2.10045,7.53635,9.6368
"SYT1",-1.9013,6.7397,8.641
"SYTL4",-2.6938,5.0053,7.6991
"TAB2",-5.3055,5.4891,10.7946
"TACC3",-4.9218,4.7055,9.6273
"TACSTD2",-1.5708,5.8349,7.4057
"TADA3",-2.1908,5.8562,8.047
"TAFA5",-2.001,3.53735,5.53835
"TAGLN3",-8.1261,10.9867,19.1128
"TALDO1",-4.5023,3.827,8.3293
"TANK",-3.49785,6.7066,10.20445
"TAP1",-3.2689,9.8328,13.1017
"TARBP2",-3.7605,4.0992,7.8597
"TARM1",-2.1118,9.6608,11.7726
"TARS1",-2.3425,5.1022,7.4447
"TAX1BP1",-1.806,4.9212,6.7272
"TBC1D17",-1.5463,6.45775,8.00405
"TBC1D23",-3.4896,4.637,8.1266
"TBC1D5",-2.82915,5.87365,8.7028
"TBCA",-3.4022,4.1247,7.5269
"TBCB",-5.4192,3.2678,8.687
"TBCC",-3.5142,3.3781,6.8923
"TBL1X",-4.0172,3.6469,7.6641
"TBR1",-1.4613,7.2112,8.6725
"TCL1A",-5.7509,5.6786,11.4295
"TCL1B",-2.9804,9.8837,12.8641
"TCN1",-2.7216,7.551,10.2726
"TCN2",-2.28555,4.27985,6.5654
"TCOF1",-2.2832,4.3496,6.6328
"TCP11",-2.86495,9.39275,12.2577
"TCTN3",-2.5583,2.0143,4.5726
"TDGF1",-6.07975,6.79115,12.8709
"TDO2",-1.23815,7.21145,8.4496
"TDP1",-2.55545,6.5343,9.08975
"TDRKH",-3.0248,6.8142,9.839
"TEF",-1.7558,6.4301,8.1859
"TEK",-4.13145,1.8167,5.94815
"TERF1",-1.7722,4.0243,5.7965
"TET2",-5.6554,9.2686,14.924
"TEX101",-2.5766,6.3684,8.945
"TEX33",-1.5275,7.4757,9.0032
"TF",-1.1489,1.7841,2.933
"TFAP2A",-2.9689,8.3536,11.3225
"TFF1",-2.28245,6.0817,8.36415
"TFF2",-4.67275,5.42545,10.0982
"TFF3",-1.7723,7.4882,9.2605
"TFPI",-2.6856,5.802,8.4876
"TFPI2",-4.42235,7.26625,11.6886
"TFRC",-2.1631,3.5245,5.6876
"TG",-2.9075,8.9249,11.8324
"TGFA",-2.17325,4.33535,6.5086
"TGFB1",-1.8009,5.8453,7.6462
"TGFB2",-3.4165,7.7793,11.1958
"TGFBI",-2.2008,2.5155,4.7163
"TGFBR1",-1.3692,5.6217,6.9909
"TGFBR2",-3.16805,3.84725,7.0153
"TGFBR3",-2.9227,2.4207,5.3434
"TGM2",-5.18105,4.22735,9.4084
"TGOLN2",-3.13,2.5388,5.6688
"THAP12",-3.0515,8.4279,11.4794
"THBD",-1.43965,5.03365,6.4733
"THBS2",-1.9452,4.2968,6.242
"THBS4",-3.1189,3.6094,6.7283
"THOP1",-5.62375,4.0472,9.67095
"THPO",-2.2663,3.4256,5.6919
"THRAP3",-1.4136,10.5784,11.992
"THSD1",-1.8063,5.3937,7.2
"THTPA",-4.7269,4.8214,9.5483
"THY1",-1.787,3.0051,4.7921
"TIA1",-4.3112,6.6666,10.9778
"TIE1",-2.9404,1.47145,4.41185
"TIGAR",-6.4107,5.47705,11.88775
"TIGIT",-1.9157,8.5086,10.4243
"TIMD4",-2.5869,3.7683,6.3552
"TIMM10",-1.2268,3.7469,4.9737
"TIMM8A",-3.04655,4.17065,7.2172
"TIMP1",-2.5825,4.4516,7.0341
"TIMP2",-1.79465,6.5758,8.37045
"TIMP3",-4.67365,8.34845,13.0221
"TIMP4",-2.0174,4.16515,6.18255
"TINAGL1",-1.57325,2.1769,3.75015
"TJAP1",-4.8002,4.04645,8.84665
"TJP3",-2.33725,6.52905,8.8663
"TK1",-1.8498,7.5361,9.3859
"TLR1",-1.5993,4.2758,5.8751
"TLR2",-1.5579,4.2309,5.7888
"TLR3",-3.6532,2.7538,6.407
"TLR4",-1.5193,4.9035,6.4228
"TMCO5A",-2.36785,6.5768,8.94465
"TMED1",-2.79375,7.9663,10.76005
"TMED10",-1.1039,8.3843,9.4882
"TMED4",-2.1827,7.381,9.5637
"TMED8",-4.10355,3.66515,7.7687
"TMEM106A",-2.411,7.6196,10.0306
"TMEM132A",-2.6561,7.1483,9.8044
"TMEM25",-2.4097,7.4709,9.8806
"TMOD4",-2.4888,5.5049,7.9937
"TMPRSS11B",-2.263,9.0455,11.3085
"TMPRSS11D",-4.18515,6.2522,10.43735
"TMPRSS15",-3.5899,5.4779,9.0678
"TMPRSS5",-5.002,3.8804,8.8824
"TMSB10",-3.19545,3.7392,6.93465
"TNC",-2.94255,3.52455,6.4671
"TNF",-1.2939,6.76605,8.05995
"TNFAIP2",-4.3847,5.4994,9.8841
"TNFAIP8",-1.9227,5.76,7.6827
"TNFAIP8L2",-2.6321,3.937,6.5691
"TNFRSF10A",-1.6554,5.1486,6.804
"TNFRSF10B",-1.6764,7.8526,9.529
"TNFRSF10C",-6.25075,2.75605,9.0068
"TNFRSF11A",-1.87255,3.69805,5.5706
"TNFRSF11B",-1.733,3.4232,5.1562
"TNFRSF12A",-3.4778,4.2879,7.7657
"TNFRSF13B",-3.04795,5.8427,8.89065
"TNFRSF13C",-2.3192,6.14095,8.46015
"TNFRSF14",-1.47355,3.0381,4.51165
"TNFRSF17",-4.4331,3.7932,8.2263
"TNFRSF19",-1.8961,3.4761,5.3722
"TNFRSF1A",-1.2747,3.1647,4.4394
"TNFRSF1B",-1.5299,6.7027,8.2326
"TNFRSF21",-1.6625,3.1654,4.8279
"TNFRSF4",-2.0063,4.6498,6.6561
"TNFRSF6B",-3.3886,5.3274,8.716
"TNFRSF8",-2.9316,4.8838,7.8154
"TNFRSF9",-1.9135,6.847,8.7605
"TNFSF10",-1.6258,2.4042,4.03
"TNFSF11",-3.3853,5.0396,8.4249
"TNFSF12",-1.8081,2.87725,4.68535
"TNFSF13",-1.63055,2.2859,3.91645
"TNFSF13B",-2.19795,5.16415,7.3621
"TNFSF14",-2.40735,4.35095,6.7583
"TNFSF8",-3.183,4.0186,7.2016
"TNIP1",-3.2457,5.4962,8.7419
"TNN",-2.4672,3.1349,5.6021
"TNNI3",-7.8013,7.204,15.0053
"TNPO1",-2.11195,7.74175,9.8537
"TNR",-3.3194,3.8765,7.1959
"TNXB",-4.7866,2.5815,7.3681
"TOMM20",-2.4659,4.8178,7.2837
"TOP1",-3.16775,6.61265,9.7804
"TOP1MT",-1.9656,6.765,8.7306
"TOP2B",-2.744,5.0677,7.8117
"TOR1AIP1",-2.1771,5.90415,8.08125
"TP53",-3.16,7.22735,10.38735
"TP53BP1",-2.3155,4.6767,6.9922
"TP53I3",-5.9133,4.6207,10.534
"TP53INP1",-1.0574,5.4872,6.5446
"TP73",-2.4561,3.41895,5.87505
"TPBGL",-1.75825,5.53765,7.2959
"TPD52L2",-5.29995,3.84375,9.1437
"TPK1",-4.1579,2.0698,6.2277
"TPM3",-1.8511,7.0265,8.8776
"TPMT",-4.54635,7.6813,12.22765
"TPP1",-2.4006,3.6963,6.0969
"TPPP2",-7.4041,9.9916,17.3957
"TPPP3",-1.6382,7.15235,8.79055
"TPR",-1.6088,6.896,8.5048
"TPRKB",-2.5337,9.8205,12.3542
"TPSAB1",-4.0806,2.377,6.4576
"TPSD1",-1.75135,6.15895,7.9103
"TPSG1",-1.4378,4.167,5.6048
"TPT1",-2.5148,10.5312,13.046
"TRAF2",-3.2181,5.8969,9.115
"TRAF3",-1.15685,7.75425,8.9111
"TRAF3IP2",-1.3337,7.7295,9.0632
"TRDMT1",-2.7293,7.9949,10.7242
"TREH",-3.579,2.7363,6.3153
"TREM2",-5.60825,3.9488,9.55705
"TREML1",-2.2993,2.9958,5.2951
"TREML2",-2.12845,4.16645,6.2949
"TRIAP1",-2.2923,3.85725,6.14955
"TRIM21",-5.5976,5.4451,11.0427
"TRIM24",-3.2089,9.3185,12.5274
"TRIM25",-4.795,4.8257,9.6207
"TRIM26",-2.621,7.809,10.43
"TRIM40",-4.2417,7.9955,12.2372
"TRIM5",-3.332,4.9327,8.2647
"TRIM58",-3.82045,3.91065,7.7311
"TRPV3",-2.9907,8.2213,11.212
"TSC1",-1.5967,7.9543,9.551
"TSC22D1",-2.2893,8.6234,10.9127
"TSHB",-4.8557,8.9309,13.7866
"TSLP",-2.925,8.21105,11.13605
"TSNAX",-1.9119,4.3453,6.2572
"TSPAN1",-1.1852,7.6916,8.8768
"TSPAN15",-1.6101,5.9263,7.5364
"TSPAN7",-1.8829,8.05505,9.93795
"TSPAN8",-5.4814,5.3669,10.8483
"TSPYL1",-1.3747,6.0223,7.397
"TST",-2.859,5.6116,8.4706
"TTF2",-2.68465,6.20065,8.8853
"TTN",-1.8718,6.3477,8.2195
"TTR",-2.9031,1.6262,4.5293
"TUBB3",-2.12425,3.90805,6.0323
"TWF2",-3.8246,6.1519,9.9765
"TXK",-1.6116,8.2355,9.8471
"TXLNA",-3.8042,4.0726,7.8768
"TXN",-2.0592,5.9569,8.0161
"TXNDC15",-3.76465,3.42515,7.1898
"TXNDC5",-2.7216,3.9605,6.6821
"TXNDC9",-1.5886,5.1737,6.7623
"TXNL1",-2.1857,8.3066,10.4923
"TXNRD1",-1.908,4.0867,5.9947
"TYMP",-2.70235,3.48645,6.1888
"TYRO3",-1.84675,1.63745,3.4842
"TYRP1",-2.8623,3.4767,6.339
"UBAC1",-3.6585,2.0777,5.7362
"UBE2B",-1.9401,4.6377,6.5778
"UBE2L6",-3.0339,3.5223,6.5562
"UBE2Z",-1.7158,6.62485,8.34065
"UBQLN3",-1.4559,7.6744,9.1303
"UBXN1",-2.4337,4.9676,7.4013
"UFD1",-5.5229,5.3201,10.843
"UGDH",-1.7758,9.3444,11.1202
"UHRF2",-2.8431,7.0433,9.8864
"ULBP2",-2.3109,3.3624,5.6733
"UMOD",-4.2964,2.0836,6.38
"UNC5D",-1.3119,4.2311,5.543
"UNC79",-2.0654,7.2029,9.2683
"UNG",-2.1449,6.7231,8.868
"UPB1",-7.2167,6.8905,14.1072
"UPK3A",-8.0491,5.521,13.5701
"UPK3BL1",-1.9468,9.17745,11.12425
"UROD",-2.6189,4.1969,6.8158
"UROS",-2.9661,7.208,10.1741
"USO1",-4.7522,4.9998,9.752
"USP25",-3.6929,5.4385,9.1314
"USP28",-1.1056,5.48505,6.59065
"USP47",-2.2711,8.5414,10.8125
"USP8",-4.1231,5.1595,9.2826
"UXS1",-2.7975,7.4187,10.2162
"VAMP5",-1.59395,7.764,9.35795
"VAMP8",-3.0118,4.09,7.1018
"VASH1",-2.7495,4.9268,7.6763
"VASN",-3.1586,3.739,6.8976
"VASP",-2.5869,4.5083,7.0952
"VAT1",-1.1875,2.2017,3.3892
"VAV3",-3.5394,4.2181,7.7575
"VCAM1",-2.392,2.9436,5.3356
"VCAN",-1.7706,2.3401,4.1107
"VCPKMT",-1.9063,9.6834,11.5897
"VEGFA",-2.0739,3.92445,5.99835
"VEGFB",-2.4796,3.2224,5.702
"VEGFC",-3.7841,3.0955,6.8796
"VEGFD",-7.92385,2.3291,10.25295
"VGF",-2.5223,3.31795,5.84025
"VIM",-8.0612,8.056,16.1172
"VIPR1",-2.451,3.9063,6.3573
"VIT",-3.4433,4.0307,7.474
"VMO1",-6.0786,4.826,10.9046
"VNN1",-5.27655,3.50245,8.779
"VNN2",-4.52455,2.91295,7.4375
"VPS28",-2.2076,7.996,10.2036
"VPS37A",-3.20855,6.6993,9.90785
"VPS4B",-3.3961,8.1641,11.5602
"VPS53",-2.5491,4.0549,6.604
"VSIG10",-1.66095,5.99865,7.6596
"VSIG10L",-1.6864,4.6173,6.3037
"VSIG2",-2.68825,4.91345,7.6017
"VSIG4",-5.9326,3.5175,9.4501
"VSIR",-1.97315,5.0918,7.06495
"VSNL1",-3.1974,5.8499,9.0473
"VSTM1",-4.00555,7.6627,11.66825
"VSTM2B",-1.2002,5.6299,6.8301
"VSTM2L",-2.721,8.0186,10.7396
"VTA1",-4.3919,3.9623,8.3542
"VTCN1",-3.1823,5.2281,8.4104
"VTI1A",-2.6321,5.2369,7.869
"VWA1",-3.1978,3.101,6.2988
"VWA5A",-1.8128,9.1774,10.9902
"VWC2",-3.8024,3.1066,6.909
"VWC2L",-1.52835,7.47735,9.0057
"VWF",-4.4156,5.1069,9.5225
"WARS",-2.48495,3.5991,6.08405
"WAS",-7.20955,6.2899,13.49945
"WASF1",-3.1707,5.2567,8.4274
"WASF3",-8.32465,5.6395,13.96415
"WASHC3",-1.9942,6.2081,8.2023
"WASL",-2.4455,8.1465,10.592
"WDR46",-1.4364,5.4478,6.8842
"WFDC1",-2.5414,10.8131,13.3545
"WFDC12",-2.8842,4.2767,7.1609
"WFDC2",-3.6324,3.8905,7.5229
"WFIKKN1",-4.5075,3.948,8.4555
"WFIKKN2",-5.9478,3.00165,8.94945
"WIF1",-1.86565,4.98365,6.8493
"WNT9A",-1.6987,4.5408,6.2395
"WWP2",-3.2225,4.1106,7.3331
"XCL1",-2.0299,7.1722,9.2021
"XG",-4.6482,4.67345,9.32165
"XIAP",-1.7943,4.0295,5.8238
"XPNPEP2",-7.7211,3.1448,10.8659
"XRCC4",-2.84315,5.78975,8.6329
"YAP1",-3.2869,3.8582,7.1451
"YARS1",-6.3123,4.9947,11.307
"YES1",-4.2816,4.882,9.1636
"YJU2",-1.6706,4.4648,6.1354
"YOD1",-4.3522,3.8397,8.1919
"YTHDF3",-8.2447,8.42355,16.66825
"YWHAQ",-3.9441,4.1579,8.102
"YY1",-1.4791,3.8311,5.3102
"ZBP1",-1.03885,5.25415,6.293
"ZBTB16",-2.0985,4.97355,7.07205
"ZBTB17",-2.0534,6.5313,8.5847
"ZCCHC8",-1.963,8.3896,10.3526
"ZFYVE19",-5.9607,5.3242,11.2849
"ZHX2",-0.9499,5.5617,6.5116
"ZNF174",-1.2458,6.2432,7.489
"ZNF75D",-5.0317,8.8194,13.8511
"ZNF830",-1.9451,6.2431,8.1882
"ZNRD2",-2.0317,7.07165,9.10335
"ZNRF4",-1.9352,7.3077,9.2429
"ZP3",-7.2245,4.5216,11.7461
"ZP4",-0.9246,7.1511,8.0757
"ZPR1",-2.1527,9.3245,11.4772
